,,date,sentiment_score,sentiment_score,sentiment_score,sentiment_score,sentiment_score
,,,mean,std,mean_n_1,mean_n_2,mean_n_3
period,,,,,,,
0.0,0,2021-02-06 12:00:00,-0.700841632202594,0.6849597380291476,-0.5989552882342153,-0.6877041336108145,-0.7707246479888757
0.0,1,2021-02-07 00:00:00,-0.6713364802604347,0.716524926968556,-0.700841632202594,-0.5989552882342153,-0.6877041336108145
0.0,2,2021-02-07 12:00:00,-0.7193757700994148,0.656899433229025,-0.6713364802604347,-0.700841632202594,-0.5989552882342153
0.0,3,2021-02-08 00:00:00,-0.5884519739838707,0.780619331603168,-0.7193757700994148,-0.6713364802604347,-0.700841632202594
0.0,4,2021-02-08 12:00:00,-0.7061713945826491,0.6710773809088555,-0.5884519739838707,-0.7193757700994148,-0.6713364802604347
0.0,5,2021-02-09 00:00:00,-0.6368717020145515,0.735712749849385,-0.7061713945826491,-0.5884519739838707,-0.7193757700994148
0.0,6,2021-02-09 12:00:00,-0.6786291248921217,0.7026530222591353,-0.6368717020145515,-0.7061713945826491,-0.5884519739838707
0.0,7,2021-02-10 00:00:00,-0.6572220826791192,0.7249493193059479,-0.6786291248921217,-0.6368717020145515,-0.7061713945826491
0.0,8,2021-02-10 12:00:00,-0.7288077728201946,0.6488422613179795,-0.6572220826791192,-0.6786291248921217,-0.6368717020145515
0.0,9,2021-02-11 00:00:00,,,-0.7288077728201946,-0.6572220826791192,-0.6786291248921217
0.0,10,2021-02-11 12:00:00,,,,-0.7288077728201946,-0.6572220826791192
0.0,11,2021-02-12 00:00:00,,,,,-0.7288077728201946
0.0,12,2021-02-12 12:00:00,,,,,
0.0,13,2021-02-13 00:00:00,-0.714221720966164,0.668726997503735,,,
0.0,14,2021-02-13 12:00:00,-0.7378302996385031,0.6428042830960216,-0.714221720966164,,
0.0,15,2021-02-14 00:00:00,-0.6020837085107584,0.7719751520137288,-0.7378302996385031,-0.714221720966164,
0.0,16,2021-02-14 12:00:00,-0.7692684649937535,0.5627617382803963,-0.6020837085107584,-0.7378302996385031,-0.714221720966164
0.0,17,2021-02-15 00:00:00,-0.7314348330709545,0.5966992617247324,-0.7692684649937535,-0.6020837085107584,-0.7378302996385031
0.0,18,2021-02-15 12:00:00,-0.7195705992159257,0.6453998681017673,-0.7314348330709545,-0.7692684649937535,-0.6020837085107584
0.0,19,2021-02-16 00:00:00,,,-0.7195705992159257,-0.7314348330709545,-0.7692684649937535
0.0,20,2021-02-16 12:00:00,,,,-0.7195705992159257,-0.7314348330709545
0.0,21,2021-02-17 00:00:00,,,,,-0.7195705992159257
0.0,22,2021-02-17 12:00:00,,,,,
0.0,23,2021-02-18 00:00:00,-0.6025651573571189,0.7652691537543117,,,
0.0,24,2021-02-18 12:00:00,-0.7015372459982302,0.6785393031546565,-0.6025651573571189,,
0.0,25,2021-02-19 00:00:00,-0.613772135422079,0.7620750352927385,-0.7015372459982302,-0.6025651573571189,
0.0,26,2021-02-19 12:00:00,-0.7266486959868126,0.6521346244230064,-0.613772135422079,-0.7015372459982302,-0.6025651573571189
0.0,27,2021-02-20 00:00:00,,,-0.7266486959868126,-0.613772135422079,-0.7015372459982302
0.0,28,2021-02-20 12:00:00,,,,-0.7266486959868126,-0.613772135422079
0.0,29,2021-02-21 00:00:00,,,,,-0.7266486959868126
0.0,30,2021-02-21 12:00:00,,,,,
0.0,31,2021-02-22 00:00:00,-0.7018712699677037,0.6741095729342452,,,
0.0,32,2021-02-22 12:00:00,-0.7267524152936422,0.65501187902014,-0.7018712699677037,,
0.0,33,2021-02-23 00:00:00,,,-0.7267524152936422,-0.7018712699677037,
0.0,34,2021-02-23 12:00:00,,,,-0.7267524152936422,-0.7018712699677037
0.0,35,2021-02-24 00:00:00,,,,,-0.7267524152936422
0.0,36,2021-02-24 12:00:00,,,,,
0.0,37,2021-02-25 00:00:00,,,,,
0.0,38,2021-02-25 12:00:00,,,,,
0.0,39,2021-02-26 00:00:00,,,,,
0.0,40,2021-02-26 12:00:00,,,,,
0.0,41,2021-02-27 00:00:00,,,,,
0.0,42,2021-02-27 12:00:00,,,,,
0.0,43,2021-02-28 00:00:00,,,,,
0.0,44,2021-02-28 12:00:00,-0.7633564637809344,0.6134507402141478,,,
0.0,45,2021-03-01 00:00:00,,,-0.7633564637809344,,
0.0,46,2021-03-01 12:00:00,,,,-0.7633564637809344,
0.0,47,2021-03-02 00:00:00,,,,,-0.7633564637809344
0.0,48,2021-03-02 12:00:00,,,,,
0.0,49,2021-03-03 00:00:00,,,,,
0.0,50,2021-03-03 12:00:00,,,,,
0.0,51,2021-03-04 00:00:00,,,,,
0.0,52,2021-03-04 12:00:00,,,,,
0.0,53,2021-03-05 00:00:00,,,,,
0.0,54,2021-03-05 12:00:00,,,,,
0.0,55,2021-03-06 00:00:00,,,,,
0.0,56,2021-03-06 12:00:00,,,,,
0.0,57,2021-03-07 00:00:00,,,,,
0.0,58,2021-03-07 12:00:00,,,,,
0.0,59,2021-03-08 00:00:00,,,,,
0.0,60,2021-03-08 12:00:00,,,,,
0.0,61,2021-03-09 00:00:00,,,,,
0.0,62,2021-03-09 12:00:00,,,,,
0.0,63,2021-03-10 00:00:00,,,,,
0.0,64,2021-03-10 12:00:00,,,,,
0.0,65,2021-03-11 00:00:00,,,,,
0.0,66,2021-03-11 12:00:00,-0.7958589587725845,0.561543677661189,,,
0.0,67,2021-03-12 00:00:00,-0.7176036999250451,0.6612958704426077,-0.7958589587725845,,
0.0,68,2021-03-12 12:00:00,-0.7670413996761443,0.6041496866234817,-0.7176036999250451,-0.7958589587725845,
0.0,69,2021-03-13 00:00:00,,,-0.7670413996761443,-0.7176036999250451,-0.7958589587725845
0.0,70,2021-03-13 12:00:00,,,,-0.7670413996761443,-0.7176036999250451
0.0,71,2021-03-14 00:00:00,,,,,-0.7670413996761443
0.0,72,2021-03-14 12:00:00,,,,,
0.0,73,2021-03-15 00:00:00,,,,,
0.0,74,2021-03-15 12:00:00,,,,,
0.0,75,2021-03-16 00:00:00,,,,,
0.0,76,2021-03-16 12:00:00,,,,,
0.0,77,2021-03-17 00:00:00,,,,,
0.0,78,2021-03-17 12:00:00,,,,,
0.0,79,2021-03-18 00:00:00,,,,,
0.0,80,2021-03-18 12:00:00,,,,,
0.0,81,2021-03-19 00:00:00,,,,,
0.0,82,2021-03-19 12:00:00,,,,,
0.0,83,2021-03-20 00:00:00,,,,,
0.0,84,2021-03-20 12:00:00,,,,,
0.0,85,2021-03-21 00:00:00,,,,,
0.0,86,2021-03-21 12:00:00,,,,,
0.0,87,2021-03-22 00:00:00,,,,,
0.0,88,2021-03-22 12:00:00,,,,,
0.0,89,2021-03-23 00:00:00,,,,,
0.0,90,2021-03-23 12:00:00,,,,,
0.0,91,2021-03-24 00:00:00,,,,,
0.0,92,2021-03-24 12:00:00,,,,,
0.0,93,2021-03-25 00:00:00,,,,,
0.0,94,2021-03-25 12:00:00,,,,,
0.0,95,2021-03-26 00:00:00,,,,,
0.0,96,2021-03-26 12:00:00,,,,,
0.0,97,2021-03-27 00:00:00,,,,,
0.0,98,2021-03-27 12:00:00,,,,,
0.0,99,2021-03-28 00:00:00,,,,,
0.0,100,2021-03-28 12:00:00,,,,,
0.0,101,2021-03-29 00:00:00,,,,,
0.0,102,2021-03-29 12:00:00,,,,,
0.0,103,2021-03-30 00:00:00,,,,,
0.0,104,2021-03-30 12:00:00,,,,,
0.0,105,2021-03-31 00:00:00,,,,,
0.0,106,2021-03-31 12:00:00,,,,,
0.0,107,2021-04-01 00:00:00,,,,,
0.0,108,2021-04-01 12:00:00,,,,,
0.0,109,2021-04-02 00:00:00,,,,,
0.0,110,2021-04-02 12:00:00,,,,,
0.0,111,2021-04-03 00:00:00,,,,,
0.0,112,2021-04-03 12:00:00,,,,,
0.0,113,2021-04-04 00:00:00,,,,,
0.0,114,2021-04-04 12:00:00,,,,,
0.0,115,2021-04-05 00:00:00,-0.8038869264513947,0.5628452759973371,,,
0.0,116,2021-04-05 12:00:00,-0.7469877447719931,0.632038458546406,-0.8038869264513947,,
0.0,117,2021-04-06 00:00:00,-0.6531579391676142,0.7269864440251563,-0.7469877447719931,-0.8038869264513947,
0.0,118,2021-04-06 12:00:00,-0.7172563585423236,0.6630255994706532,-0.6531579391676142,-0.7469877447719931,-0.8038869264513947
0.0,119,2021-04-07 00:00:00,-0.6501701050802418,0.7329210052731743,-0.7172563585423236,-0.6531579391676142,-0.7469877447719931
0.0,120,2021-04-07 12:00:00,-0.6640659237000013,0.7161609826895743,-0.6501701050802418,-0.7172563585423236,-0.6531579391676142
0.0,121,2021-04-08 00:00:00,-0.6349043806416963,0.7458646381261846,-0.6640659237000013,-0.6501701050802418,-0.7172563585423236
0.0,122,2021-04-08 12:00:00,-0.6511133023597925,0.7289684821269022,-0.6349043806416963,-0.6640659237000013,-0.6501701050802418
0.0,123,2021-04-09 00:00:00,-0.6329013957427099,0.7478163282258808,-0.6511133023597925,-0.6349043806416963,-0.6640659237000013
0.0,124,2021-04-09 12:00:00,-0.7486965475720289,0.6309516987486257,-0.6329013957427099,-0.6511133023597925,-0.6349043806416963
0.0,125,2021-04-10 00:00:00,-0.6568413347446272,0.724566357739655,-0.7486965475720289,-0.6329013957427099,-0.6511133023597925
0.0,126,2021-04-10 12:00:00,-0.7503672340960456,0.6292491567803599,-0.6568413347446272,-0.7486965475720289,-0.6329013957427099
0.0,127,2021-04-11 00:00:00,-0.5724079935323625,0.7998311159023065,-0.7503672340960456,-0.6568413347446272,-0.7486965475720289
0.0,128,2021-04-11 12:00:00,-0.6703208396274466,0.7140498534346869,-0.5724079935323625,-0.7503672340960456,-0.6568413347446272
0.0,129,2021-04-12 00:00:00,-0.695591276765086,0.681929008287813,-0.6703208396274466,-0.5724079935323625,-0.7503672340960456
0.0,130,2021-04-12 12:00:00,-0.6789148298838666,0.6969534418786232,-0.695591276765086,-0.6703208396274466,-0.5724079935323625
0.0,131,2021-04-13 00:00:00,,,-0.6789148298838666,-0.695591276765086,-0.6703208396274466
0.0,132,2021-04-13 12:00:00,,,,-0.6789148298838666,-0.695591276765086
0.0,133,2021-04-14 00:00:00,,,,,-0.6789148298838666
0.0,134,2021-04-14 12:00:00,,,,,
0.0,135,2021-04-15 00:00:00,,,,,
0.0,136,2021-04-15 12:00:00,,,,,
0.0,137,2021-04-16 00:00:00,,,,,
0.0,138,2021-04-16 12:00:00,,,,,
0.0,139,2021-04-17 00:00:00,,,,,
0.0,140,2021-04-17 12:00:00,-0.670219962650904,0.6954697270121247,,,
0.0,141,2021-04-18 00:00:00,-0.7563149708472814,0.6249634050016993,-0.670219962650904,,
0.0,142,2021-04-18 12:00:00,-0.7601589511169012,0.6192503874576298,-0.7563149708472814,-0.670219962650904,
0.0,143,2021-04-19 00:00:00,-0.7623676125337507,0.6159630683924787,-0.7601589511169012,-0.7563149708472814,-0.670219962650904
0.0,144,2021-04-19 12:00:00,-0.7419317460403992,0.6337343285755223,-0.7623676125337507,-0.7601589511169012,-0.7563149708472814
0.0,145,2021-04-20 00:00:00,-0.7503863760257523,0.6259666572989341,-0.7419317460403992,-0.7623676125337507,-0.7601589511169012
0.0,146,2021-04-20 12:00:00,-0.7366250614306585,0.6428709872651998,-0.7503863760257523,-0.7419317460403992,-0.7623676125337507
0.0,147,2021-04-21 00:00:00,-0.7601327064486747,0.6163705990704991,-0.7366250614306585,-0.7503863760257523,-0.7419317460403992
0.0,148,2021-04-21 12:00:00,-0.7855406484219073,0.5792782752379911,-0.7601327064486747,-0.7366250614306585,-0.7503863760257523
0.0,149,2021-04-22 00:00:00,-0.7791181844716469,0.5964518403567546,-0.7855406484219073,-0.7601327064486747,-0.7366250614306585
0.0,150,2021-04-22 12:00:00,-0.7544414711378348,0.6257645801605211,-0.7791181844716469,-0.7855406484219073,-0.7601327064486747
0.0,151,2021-04-23 00:00:00,-0.7770077652638229,0.6001245414763638,-0.7544414711378348,-0.7791181844716469,-0.7855406484219073
0.0,152,2021-04-23 12:00:00,-0.7642117950917267,0.6141129505296111,-0.7770077652638229,-0.7544414711378348,-0.7791181844716469
0.0,153,2021-04-24 00:00:00,-0.7030766454079876,0.6795684553577005,-0.7642117950917267,-0.7770077652638229,-0.7544414711378348
0.0,154,2021-04-24 12:00:00,-0.7542468658839053,0.6269645398386046,-0.7030766454079876,-0.7642117950917267,-0.7770077652638229
0.0,155,2021-04-25 00:00:00,,,-0.7542468658839053,-0.7030766454079876,-0.7642117950917267
0.0,156,2021-04-25 12:00:00,,,,-0.7542468658839053,-0.7030766454079876
0.0,157,2021-04-26 00:00:00,,,,,-0.7542468658839053
0.0,158,2021-04-26 12:00:00,,,,,
0.0,159,2021-04-27 00:00:00,,,,,
0.0,160,2021-04-27 12:00:00,,,,,
0.0,161,2021-04-28 00:00:00,,,,,
0.0,162,2021-04-28 12:00:00,,,,,
0.0,163,2021-04-29 00:00:00,,,,,
0.0,164,2021-04-29 12:00:00,,,,,
0.0,165,2021-04-30 00:00:00,,,,,
0.0,166,2021-04-30 12:00:00,,,,,
0.0,167,2021-05-01 00:00:00,,,,,
0.0,168,2021-05-01 12:00:00,,,,,
0.0,169,2021-05-02 00:00:00,,,,,
0.0,170,2021-05-02 12:00:00,,,,,
0.0,171,2021-05-03 00:00:00,,,,,
0.0,172,2021-05-03 12:00:00,,,,,
0.0,173,2021-05-04 00:00:00,,,,,
0.0,174,2021-05-04 12:00:00,,,,,
0.0,175,2021-05-05 00:00:00,,,,,
0.0,176,2021-05-05 12:00:00,,,,,
0.0,177,2021-05-06 00:00:00,,,,,
0.0,178,2021-05-06 12:00:00,,,,,
0.0,179,2021-05-07 00:00:00,,,,,
0.0,180,2021-05-07 12:00:00,,,,,
0.0,181,2021-05-08 00:00:00,,,,,
0.0,182,2021-05-08 12:00:00,,,,,
0.0,183,2021-05-09 00:00:00,,,,,
0.0,184,2021-05-09 12:00:00,,,,,
0.0,185,2021-05-10 00:00:00,,,,,
0.0,186,2021-05-10 12:00:00,,,,,
0.0,187,2021-05-11 00:00:00,,,,,
0.0,188,2021-05-11 12:00:00,,,,,
0.0,189,2021-05-12 00:00:00,,,,,
0.0,190,2021-05-12 12:00:00,,,,,
0.0,191,2021-05-13 00:00:00,,,,,
0.0,192,2021-05-13 12:00:00,,,,,
0.0,193,2021-05-14 00:00:00,,,,,
0.0,194,2021-05-14 12:00:00,,,,,
0.0,195,2021-05-15 00:00:00,,,,,
0.0,196,2021-05-15 12:00:00,,,,,
0.0,197,2021-05-16 00:00:00,,,,,
0.0,198,2021-05-16 12:00:00,,,,,
0.0,199,2021-05-17 00:00:00,,,,,
0.0,200,2021-05-17 12:00:00,,,,,
0.0,201,2021-05-18 00:00:00,,,,,
0.0,202,2021-05-18 12:00:00,,,,,
0.0,203,2021-05-19 00:00:00,,,,,
0.0,204,2021-05-19 12:00:00,,,,,
0.0,205,2021-05-20 00:00:00,,,,,
0.0,206,2021-05-20 12:00:00,,,,,
0.0,207,2021-05-21 00:00:00,,,,,
0.0,208,2021-05-21 12:00:00,,,,,
0.0,209,2021-05-22 00:00:00,,,,,
0.0,210,2021-05-22 12:00:00,,,,,
0.0,211,2021-05-23 00:00:00,,,,,
0.0,212,2021-05-23 12:00:00,,,,,
0.0,213,2021-05-24 00:00:00,,,,,
0.0,214,2021-05-24 12:00:00,,,,,
0.0,215,2021-05-25 00:00:00,-0.7992762607264231,0.565652270514071,,,
0.0,216,2021-05-25 12:00:00,-0.7506320598824271,0.6224130327884236,-0.7992762607264231,,
0.0,217,2021-05-26 00:00:00,-0.7851005080586745,0.5855598752170608,-0.7506320598824271,-0.7992762607264231,
0.0,218,2021-05-26 12:00:00,-0.8032306247990425,0.5619830185597523,-0.7851005080586745,-0.7506320598824271,-0.7992762607264231
0.0,219,2021-05-27 00:00:00,-0.7792374873263751,0.5948901488202751,-0.8032306247990425,-0.7851005080586745,-0.7506320598824271
0.0,220,2021-05-27 12:00:00,-0.7488477259602354,0.6299926183737151,-0.7792374873263751,-0.8032306247990425,-0.7851005080586745
0.0,221,2021-05-28 00:00:00,-0.7559707270468502,0.6229088927272391,-0.7488477259602354,-0.7792374873263751,-0.8032306247990425
0.0,222,2021-05-28 12:00:00,-0.8020249687790337,0.5631938248698739,-0.7559707270468502,-0.7488477259602354,-0.7792374873263751
0.0,223,2021-05-29 00:00:00,-0.7802000160561641,0.5937721854060272,-0.8020249687790337,-0.7559707270468502,-0.7488477259602354
0.0,224,2021-05-29 12:00:00,-0.8169208071056036,0.5449376372079181,-0.7802000160561641,-0.8020249687790337,-0.7559707270468502
0.0,225,2021-05-30 00:00:00,,,-0.8169208071056036,-0.7802000160561641,-0.8020249687790337
0.0,226,2021-05-30 12:00:00,,,,-0.8169208071056036,-0.7802000160561641
0.0,227,2021-05-31 00:00:00,,,,,-0.8169208071056036
0.0,228,2021-05-31 12:00:00,,,,,
0.0,229,2021-06-01 00:00:00,,,,,
0.0,230,2021-06-01 12:00:00,,,,,
0.0,231,2021-06-02 00:00:00,,,,,
0.0,232,2021-06-02 12:00:00,,,,,
0.0,233,2021-06-03 00:00:00,,,,,
0.0,234,2021-06-03 12:00:00,,,,,
0.0,235,2021-06-04 00:00:00,,,,,
0.0,236,2021-06-04 12:00:00,,,,,
0.0,237,2021-06-05 00:00:00,,,,,
0.0,238,2021-06-05 12:00:00,,,,,
0.0,239,2021-06-06 00:00:00,,,,,
0.0,240,2021-06-06 12:00:00,,,,,
0.0,241,2021-06-07 00:00:00,,,,,
0.0,242,2021-06-07 12:00:00,,,,,
0.0,243,2021-06-08 00:00:00,,,,,
0.0,244,2021-06-08 12:00:00,,,,,
0.0,245,2021-06-09 00:00:00,,,,,
0.0,246,2021-06-09 12:00:00,,,,,
0.0,247,2021-06-10 00:00:00,,,,,
0.0,248,2021-06-10 12:00:00,,,,,
0.0,249,2021-06-11 00:00:00,,,,,
0.0,250,2021-06-11 12:00:00,,,,,
0.0,251,2021-06-12 00:00:00,,,,,
0.0,252,2021-06-12 12:00:00,,,,,
0.0,253,2021-06-13 00:00:00,,,,,
0.0,254,2021-06-13 12:00:00,,,,,
0.0,255,2021-06-14 00:00:00,,,,,
0.0,256,2021-06-14 12:00:00,,,,,
0.0,257,2021-06-15 00:00:00,,,,,
0.0,258,2021-06-15 12:00:00,,,,,
0.0,259,2021-06-16 00:00:00,,,,,
0.0,260,2021-06-16 12:00:00,,,,,
0.0,261,2021-06-17 00:00:00,,,,,
0.0,262,2021-06-17 12:00:00,,,,,
0.0,263,2021-06-18 00:00:00,,,,,
0.0,264,2021-06-18 12:00:00,,,,,
0.0,265,2021-06-19 00:00:00,,,,,
0.0,266,2021-06-19 12:00:00,,,,,
0.0,267,2021-06-20 00:00:00,,,,,
0.0,268,2021-06-20 12:00:00,-0.4593682243096782,0.8476637781592243,,,
0.0,269,2021-06-21 00:00:00,-0.4949804818643403,0.838017906777707,-0.4593682243096782,,
0.0,270,2021-06-21 12:00:00,-0.5169658314156994,0.8238413881260253,-0.4949804818643403,-0.4593682243096782,
0.0,271,2021-06-22 00:00:00,-0.5453182695073705,0.8077603551826487,-0.5169658314156994,-0.4949804818643403,-0.4593682243096782
0.0,272,2021-06-22 12:00:00,-0.6029459799888979,0.7672825341796342,-0.5453182695073705,-0.5169658314156994,-0.4949804818643403
0.0,273,2021-06-23 00:00:00,-0.5474242729939093,0.8054859185880874,-0.6029459799888979,-0.5453182695073705,-0.5169658314156994
0.0,274,2021-06-23 12:00:00,-0.5047359145935693,0.8343693467434692,-0.5474242729939093,-0.6029459799888979,-0.5453182695073705
0.0,275,2021-06-24 00:00:00,,,-0.5047359145935693,-0.5474242729939093,-0.6029459799888979
0.0,276,2021-06-24 12:00:00,,,,-0.5047359145935693,-0.5474242729939093
0.0,277,2021-06-25 00:00:00,,,,,-0.5047359145935693
0.0,278,2021-06-25 12:00:00,,,,,
0.0,279,2021-06-26 00:00:00,,,,,
0.0,280,2021-06-26 12:00:00,,,,,
0.0,281,2021-06-27 00:00:00,,,,,
0.0,282,2021-06-27 12:00:00,,,,,
0.0,283,2021-06-28 00:00:00,,,,,
0.0,284,2021-06-28 12:00:00,,,,,
0.0,285,2021-06-29 00:00:00,,,,,
0.0,286,2021-06-29 12:00:00,,,,,
0.0,287,2021-06-30 00:00:00,,,,,
0.0,288,2021-06-30 12:00:00,,,,,
0.0,289,2021-07-01 00:00:00,,,,,
0.0,290,2021-07-01 12:00:00,,,,,
0.0,291,2021-07-02 00:00:00,-0.579478886085793,0.7841919518727947,,,
0.0,292,2021-07-02 12:00:00,-0.49939189047697896,0.8350738887003606,-0.579478886085793,,
0.0,293,2021-07-03 00:00:00,-0.41402656519309533,0.8824239107646137,-0.49939189047697896,-0.579478886085793,
0.0,294,2021-07-03 12:00:00,-0.34628631989252023,0.9099056212844949,-0.41402656519309533,-0.49939189047697896,-0.579478886085793
0.0,295,2021-07-04 00:00:00,-0.45378161619907814,0.8635085660253076,-0.34628631989252023,-0.41402656519309533,-0.49939189047697896
0.0,296,2021-07-04 12:00:00,-0.44687333396462164,0.8669211359816975,-0.45378161619907814,-0.34628631989252023,-0.41402656519309533
0.0,297,2021-07-05 00:00:00,-0.4769188512301614,0.8515621122362603,-0.44687333396462164,-0.45378161619907814,-0.34628631989252023
0.0,298,2021-07-05 12:00:00,-0.4359665288210533,0.8727935690880018,-0.4769188512301614,-0.44687333396462164,-0.45378161619907814
0.0,299,2021-07-06 00:00:00,,,-0.4359665288210533,-0.4769188512301614,-0.44687333396462164
0.0,300,2021-07-06 12:00:00,,,,-0.4359665288210533,-0.4769188512301614
0.0,301,2021-07-07 00:00:00,,,,,-0.4359665288210533
0.0,302,2021-07-07 12:00:00,,,,,
0.0,303,2021-07-08 00:00:00,,,,,
0.0,304,2021-07-08 12:00:00,,,,,
0.0,305,2021-07-09 00:00:00,,,,,
0.0,306,2021-07-09 12:00:00,,,,,
0.0,307,2021-07-10 00:00:00,,,,,
0.0,308,2021-07-10 12:00:00,,,,,
0.0,309,2021-07-11 00:00:00,,,,,
0.0,310,2021-07-11 12:00:00,,,,,
0.0,311,2021-07-12 00:00:00,,,,,
0.0,312,2021-07-12 12:00:00,,,,,
0.0,313,2021-07-13 00:00:00,,,,,
0.0,314,2021-07-13 12:00:00,,,,,
0.0,315,2021-07-14 00:00:00,,,,,
0.0,316,2021-07-14 12:00:00,,,,,
0.0,317,2021-07-15 00:00:00,,,,,
0.0,318,2021-07-15 12:00:00,,,,,
0.0,319,2021-07-16 00:00:00,-0.7256377777677152,0.6515319291978172,,,
0.0,320,2021-07-16 12:00:00,-0.632697369716021,0.7375703622792651,-0.7256377777677152,,
0.0,321,2021-07-17 00:00:00,-0.5204050327788611,0.8245958401064453,-0.632697369716021,-0.7256377777677152,
0.0,322,2021-07-17 12:00:00,-0.45235318510956385,0.863277598318425,-0.5204050327788611,-0.632697369716021,-0.7256377777677152
0.0,323,2021-07-18 00:00:00,-0.4040394888282057,0.8889790080767614,-0.45235318510956385,-0.5204050327788611,-0.632697369716021
0.0,324,2021-07-18 12:00:00,-0.22473033878696322,0.950814171832171,-0.4040394888282057,-0.45235318510956385,-0.5204050327788611
0.0,325,2021-07-19 00:00:00,-0.35616434650115686,0.9090878656340654,-0.22473033878696322,-0.4040394888282057,-0.45235318510956385
0.0,326,2021-07-19 12:00:00,-0.4569302921264451,0.8625417213184322,-0.35616434650115686,-0.22473033878696322,-0.4040394888282057
0.0,327,2021-07-20 00:00:00,-0.5811703197072251,0.7860208124653648,-0.4569302921264451,-0.35616434650115686,-0.22473033878696322
0.0,328,2021-07-20 12:00:00,-0.5192865183985386,0.8249588422224673,-0.5811703197072251,-0.4569302921264451,-0.35616434650115686
0.0,329,2021-07-21 00:00:00,-0.4192507342995549,0.8783570295214362,-0.5192865183985386,-0.5811703197072251,-0.4569302921264451
0.0,330,2021-07-21 12:00:00,-0.4657106400739672,0.8508743143693955,-0.4192507342995549,-0.5192865183985386,-0.5811703197072251
0.0,331,2021-07-22 00:00:00,-0.3448660452084486,0.9075154188813157,-0.4657106400739672,-0.4192507342995549,-0.5192865183985386
0.0,332,2021-07-22 12:00:00,-0.41655495017106187,0.8782959838854496,-0.3448660452084486,-0.4657106400739672,-0.4192507342995549
0.0,333,2021-07-23 00:00:00,-0.37782253982328684,0.8929814035577863,-0.41655495017106187,-0.3448660452084486,-0.4657106400739672
0.0,334,2021-07-23 12:00:00,-0.2840339278537867,0.9252443522687912,-0.37782253982328684,-0.41655495017106187,-0.3448660452084486
0.0,335,2021-07-24 00:00:00,-0.44889619730377545,0.8650238378038392,-0.2840339278537867,-0.37782253982328684,-0.41655495017106187
0.0,336,2021-07-24 12:00:00,-0.42763746755386406,0.8761362981468929,-0.44889619730377545,-0.2840339278537867,-0.37782253982328684
0.0,337,2021-07-25 00:00:00,-0.5097945901120627,0.830754322002237,-0.42763746755386406,-0.44889619730377545,-0.2840339278537867
0.0,338,2021-07-25 12:00:00,-0.5166490776692064,0.8249134807561831,-0.5097945901120627,-0.42763746755386406,-0.44889619730377545
0.0,339,2021-07-26 00:00:00,-0.6298728228170851,0.663104404027622,-0.5166490776692064,-0.5097945901120627,-0.42763746755386406
0.0,340,2021-07-26 12:00:00,-0.611585893101665,0.755105805649691,-0.6298728228170851,-0.5166490776692064,-0.5097945901120627
0.0,341,2021-07-27 00:00:00,-0.6319642163933032,0.7409031084413279,-0.611585893101665,-0.6298728228170851,-0.5166490776692064
0.0,342,2021-07-27 12:00:00,-0.48693084571691936,0.8459347302201622,-0.6319642163933032,-0.611585893101665,-0.6298728228170851
0.0,343,2021-07-28 00:00:00,-0.5618525577716998,0.7967584057059116,-0.48693084571691936,-0.6319642163933032,-0.611585893101665
0.0,344,2021-07-28 12:00:00,-0.5780576420530934,0.7842621919826303,-0.5618525577716998,-0.48693084571691936,-0.6319642163933032
0.0,345,2021-07-29 00:00:00,-0.6292365903816461,0.7462621949726209,-0.5780576420530934,-0.5618525577716998,-0.48693084571691936
0.0,346,2021-07-29 12:00:00,-0.5109034235214543,0.8253785660780908,-0.6292365903816461,-0.5780576420530934,-0.5618525577716998
0.0,347,2021-07-30 00:00:00,-0.5203689108375283,0.8221466986092106,-0.5109034235214543,-0.6292365903816461,-0.5780576420530934
0.0,348,2021-07-30 12:00:00,-0.5354757339626419,0.8113927747772072,-0.5203689108375283,-0.5109034235214543,-0.6292365903816461
0.0,349,2021-07-31 00:00:00,,,-0.5354757339626419,-0.5203689108375283,-0.5109034235214543
0.0,350,2021-07-31 12:00:00,,,,-0.5354757339626419,-0.5203689108375283
0.0,351,2021-08-01 00:00:00,,,,,-0.5354757339626419
0.0,352,2021-08-01 12:00:00,,,,,
0.0,353,2021-08-02 00:00:00,,,,,
0.0,354,2021-08-02 12:00:00,,,,,
0.0,355,2021-08-03 00:00:00,,,,,
0.0,356,2021-08-03 12:00:00,,,,,
0.0,357,2021-08-04 00:00:00,,,,,
0.0,358,2021-08-04 12:00:00,-0.6744066660357345,0.7073280180343454,,,
0.0,359,2021-08-05 00:00:00,-0.6532683383570358,0.7265681942202746,-0.6744066660357345,,
0.0,360,2021-08-05 12:00:00,-0.6396849493756701,0.7357211698252718,-0.6532683383570358,-0.6744066660357345,
0.0,361,2021-08-06 00:00:00,-0.69136484134698,0.6896818491127298,-0.6396849493756701,-0.6532683383570358,-0.6744066660357345
0.0,362,2021-08-06 12:00:00,-0.6120226607458413,0.7577079321406106,-0.69136484134698,-0.6396849493756701,-0.6532683383570358
0.0,363,2021-08-07 00:00:00,-0.63952131568572,0.7375997792321917,-0.6120226607458413,-0.69136484134698,-0.6396849493756701
0.0,364,2021-08-07 12:00:00,-0.6340542259767648,0.7393476525264241,-0.63952131568572,-0.6120226607458413,-0.69136484134698
0.0,365,2021-08-08 00:00:00,-0.4674462908358863,0.8524938489932635,-0.6340542259767648,-0.63952131568572,-0.6120226607458413
0.0,366,2021-08-08 12:00:00,-0.49520631210191984,0.8346096118389946,-0.4674462908358863,-0.6340542259767648,-0.63952131568572
0.0,367,2021-08-09 00:00:00,-0.5493524875821867,0.8067361187810191,-0.49520631210191984,-0.4674462908358863,-0.6340542259767648
0.0,368,2021-08-09 12:00:00,-0.46245525517441766,0.858820717687307,-0.5493524875821867,-0.49520631210191984,-0.4674462908358863
0.0,369,2021-08-10 00:00:00,,,-0.46245525517441766,-0.5493524875821867,-0.49520631210191984
0.0,370,2021-08-10 12:00:00,,,,-0.46245525517441766,-0.5493524875821867
0.0,371,2021-08-11 00:00:00,,,,,-0.46245525517441766
0.0,372,2021-08-11 12:00:00,,,,,
0.0,373,2021-08-12 00:00:00,,,,,
0.0,374,2021-08-12 12:00:00,,,,,
0.0,375,2021-08-13 00:00:00,,,,,
0.0,376,2021-08-13 12:00:00,,,,,
0.0,377,2021-08-14 00:00:00,,,,,
0.0,378,2021-08-14 12:00:00,-0.42575937567260846,0.8783951165230043,,,
0.0,379,2021-08-15 00:00:00,-0.37475475837805156,0.8974903533393729,-0.42575937567260846,,
0.0,380,2021-08-15 12:00:00,-0.3976490434040965,0.8869608156185851,-0.37475475837805156,-0.42575937567260846,
0.0,381,2021-08-16 00:00:00,-0.390227279379234,0.8935264564108486,-0.3976490434040965,-0.37475475837805156,-0.42575937567260846
0.0,382,2021-08-16 12:00:00,-0.4491311170455149,0.8620706661421098,-0.390227279379234,-0.3976490434040965,-0.37475475837805156
0.0,383,2021-08-17 00:00:00,-0.3677571916324341,0.8988296524323247,-0.4491311170455149,-0.390227279379234,-0.3976490434040965
0.0,384,2021-08-17 12:00:00,-0.38961225102215463,0.8902346060475202,-0.3677571916324341,-0.4491311170455149,-0.390227279379234
0.0,385,2021-08-18 00:00:00,-0.2858943272403121,0.9314024386679015,-0.38961225102215463,-0.3677571916324341,-0.4491311170455149
0.0,386,2021-08-18 12:00:00,-0.3768065488767069,0.8969058187601765,-0.2858943272403121,-0.38961225102215463,-0.3677571916324341
0.0,387,2021-08-19 00:00:00,-0.4431798210941503,0.8680239217855157,-0.3768065488767069,-0.2858943272403121,-0.38961225102215463
0.0,388,2021-08-19 12:00:00,-0.5027150752655154,0.8331281017350914,-0.4431798210941503,-0.3768065488767069,-0.2858943272403121
0.0,389,2021-08-20 00:00:00,-0.3928279977873548,0.8896343366902193,-0.5027150752655154,-0.4431798210941503,-0.3768065488767069
0.0,390,2021-08-20 12:00:00,-0.49505707532479465,0.8381169325157584,-0.3928279977873548,-0.5027150752655154,-0.4431798210941503
0.0,391,2021-08-21 00:00:00,-0.4734413232350919,0.8518972415477675,-0.49505707532479465,-0.3928279977873548,-0.5027150752655154
0.0,392,2021-08-21 12:00:00,-0.49356939477788503,0.8406611758417498,-0.4734413232350919,-0.49505707532479465,-0.3928279977873548
0.0,393,2021-08-22 00:00:00,,,-0.49356939477788503,-0.4734413232350919,-0.49505707532479465
0.0,394,2021-08-22 12:00:00,,,,-0.49356939477788503,-0.4734413232350919
0.0,395,2021-08-23 00:00:00,,,,,-0.49356939477788503
0.0,396,2021-08-23 12:00:00,-0.49559851022778106,0.8368966782519827,,,
0.0,397,2021-08-24 00:00:00,-0.40265849673391074,0.8887412873434763,-0.49559851022778106,,
0.0,398,2021-08-24 12:00:00,-0.44440079595550885,0.8676192280220226,-0.40265849673391074,-0.49559851022778106,
0.0,399,2021-08-25 00:00:00,-0.3703402762004805,0.9014180237837427,-0.44440079595550885,-0.40265849673391074,-0.49559851022778106
0.0,400,2021-08-25 12:00:00,-0.38228752449824405,0.8976965471571511,-0.3703402762004805,-0.44440079595550885,-0.40265849673391074
0.0,401,2021-08-26 00:00:00,-0.445648240120991,0.8669468041885517,-0.38228752449824405,-0.3703402762004805,-0.44440079595550885
0.0,402,2021-08-26 12:00:00,-0.3997859040709318,0.8887721460645434,-0.445648240120991,-0.38228752449824405,-0.3703402762004805
0.0,403,2021-08-27 00:00:00,,,-0.3997859040709318,-0.445648240120991,-0.38228752449824405
0.0,404,2021-08-27 12:00:00,,,,-0.3997859040709318,-0.445648240120991
0.0,405,2021-08-28 00:00:00,,,,,-0.3997859040709318
0.0,406,2021-08-28 12:00:00,,,,,
0.0,407,2021-08-29 00:00:00,,,,,
0.0,408,2021-08-29 12:00:00,,,,,
0.0,409,2021-08-30 00:00:00,,,,,
0.0,410,2021-08-30 12:00:00,,,,,
0.0,411,2021-08-31 00:00:00,,,,,
0.0,412,2021-08-31 12:00:00,,,,,
0.0,413,2021-09-01 00:00:00,,,,,
0.0,414,2021-09-01 12:00:00,,,,,
0.0,415,2021-09-02 00:00:00,,,,,
0.0,416,2021-09-02 12:00:00,,,,,
0.0,417,2021-09-03 00:00:00,,,,,
0.0,418,2021-09-03 12:00:00,,,,,
0.0,419,2021-09-04 00:00:00,,,,,
0.0,420,2021-09-04 12:00:00,,,,,
0.0,421,2021-09-05 00:00:00,,,,,
0.0,422,2021-09-05 12:00:00,,,,,
0.0,423,2021-09-06 00:00:00,,,,,
0.0,424,2021-09-06 12:00:00,,,,,
0.0,425,2021-09-07 00:00:00,,,,,
0.0,426,2021-09-07 12:00:00,,,,,
0.0,427,2021-09-08 00:00:00,,,,,
0.0,428,2021-09-08 12:00:00,,,,,
0.0,429,2021-09-09 00:00:00,,,,,
0.0,430,2021-09-09 12:00:00,,,,,
0.0,431,2021-09-10 00:00:00,-0.3842949916966477,0.8948908297585698,,,
0.0,432,2021-09-10 12:00:00,-0.47543515779359996,0.852018197865297,-0.3842949916966477,,
0.0,433,2021-09-11 00:00:00,,,-0.47543515779359996,-0.3842949916966477,
0.0,434,2021-09-11 12:00:00,,,,-0.47543515779359996,-0.3842949916966477
0.0,435,2021-09-12 00:00:00,,,,,-0.47543515779359996
0.0,436,2021-09-12 12:00:00,,,,,
0.0,437,2021-09-13 00:00:00,,,,,
0.0,438,2021-09-13 12:00:00,,,,,
0.0,439,2021-09-14 00:00:00,,,,,
0.0,440,2021-09-14 12:00:00,,,,,
0.0,441,2021-09-15 00:00:00,,,,,
0.0,442,2021-09-15 12:00:00,,,,,
0.0,443,2021-09-16 00:00:00,,,,,
0.0,444,2021-09-16 12:00:00,,,,,
0.0,445,2021-09-17 00:00:00,,,,,
0.0,446,2021-09-17 12:00:00,,,,,
0.0,447,2021-09-18 00:00:00,,,,,
0.0,448,2021-09-18 12:00:00,,,,,
0.0,449,2021-09-19 00:00:00,,,,,
0.0,450,2021-09-19 12:00:00,,,,,
0.0,451,2021-09-20 00:00:00,,,,,
0.0,452,2021-09-20 12:00:00,,,,,
0.0,453,2021-09-21 00:00:00,,,,,
0.0,454,2021-09-21 12:00:00,,,,,
0.0,455,2021-09-22 00:00:00,,,,,
0.0,456,2021-09-22 12:00:00,,,,,
0.0,457,2021-09-23 00:00:00,,,,,
0.0,458,2021-09-23 12:00:00,,,,,
0.0,459,2021-09-24 00:00:00,,,,,
0.0,460,2021-09-24 12:00:00,,,,,
0.0,461,2021-09-25 00:00:00,,,,,
0.0,462,2021-09-25 12:00:00,,,,,
0.0,463,2021-09-26 00:00:00,,,,,
0.0,464,2021-09-26 12:00:00,,,,,
0.0,465,2021-09-27 00:00:00,,,,,
0.0,466,2021-09-27 12:00:00,,,,,
0.0,467,2021-09-28 00:00:00,,,,,
0.0,468,2021-09-28 12:00:00,,,,,
0.0,469,2021-09-29 00:00:00,,,,,
0.0,470,2021-09-29 12:00:00,,,,,
0.0,471,2021-09-30 00:00:00,,,,,
0.0,472,2021-09-30 12:00:00,,,,,
0.0,473,2021-10-01 00:00:00,,,,,
0.0,474,2021-10-01 12:00:00,,,,,
0.0,475,2021-10-02 00:00:00,,,,,
0.0,476,2021-10-02 12:00:00,,,,,
0.0,477,2021-10-03 00:00:00,,,,,
0.0,478,2021-10-03 12:00:00,,,,,
0.0,479,2021-10-04 00:00:00,,,,,
0.0,480,2021-10-04 12:00:00,,,,,
0.0,481,2021-10-05 00:00:00,,,,,
0.0,482,2021-10-05 12:00:00,,,,,
0.0,483,2021-10-06 00:00:00,,,,,
0.0,484,2021-10-06 12:00:00,,,,,
0.0,485,2021-10-07 00:00:00,,,,,
0.0,486,2021-10-07 12:00:00,,,,,
0.0,487,2021-10-08 00:00:00,,,,,
0.0,488,2021-10-08 12:00:00,,,,,
0.0,489,2021-10-09 00:00:00,,,,,
0.0,490,2021-10-09 12:00:00,,,,,
0.0,491,2021-10-10 00:00:00,,,,,
0.0,492,2021-10-10 12:00:00,,,,,
0.0,493,2021-10-11 00:00:00,,,,,
0.0,494,2021-10-11 12:00:00,,,,,
0.0,495,2021-10-12 00:00:00,,,,,
0.0,496,2021-10-12 12:00:00,,,,,
0.0,497,2021-10-13 00:00:00,,,,,
0.0,498,2021-10-13 12:00:00,,,,,
0.0,499,2021-10-14 00:00:00,,,,,
0.0,500,2021-10-14 12:00:00,,,,,
0.0,501,2021-10-15 00:00:00,,,,,
0.0,502,2021-10-15 12:00:00,,,,,
0.0,503,2021-10-16 00:00:00,,,,,
0.0,504,2021-10-16 12:00:00,,,,,
0.0,505,2021-10-17 00:00:00,,,,,
0.0,506,2021-10-17 12:00:00,,,,,
0.0,507,2021-10-18 00:00:00,-0.3661413564654373,0.9030193196826901,,,
0.0,508,2021-10-18 12:00:00,-0.49644402838597046,0.8327941683659175,-0.3661413564654373,,
0.0,509,2021-10-19 00:00:00,-0.3556321293147727,0.9050777452292005,-0.49644402838597046,-0.3661413564654373,
0.0,510,2021-10-19 12:00:00,-0.5076827709236583,0.8287103754625343,-0.3556321293147727,-0.49644402838597046,-0.3661413564654373
0.0,511,2021-10-20 00:00:00,-0.5272433158912379,0.8183712208434066,-0.5076827709236583,-0.3556321293147727,-0.49644402838597046
0.0,512,2021-10-20 12:00:00,-0.4947992665213755,0.8296099001025672,-0.5272433158912379,-0.5076827709236583,-0.3556321293147727
0.0,513,2021-10-21 00:00:00,-0.5068292254627752,0.8338358897989394,-0.4947992665213755,-0.5272433158912379,-0.5076827709236583
0.0,514,2021-10-21 12:00:00,-0.49867034257759696,0.8387117008483587,-0.5068292254627752,-0.4947992665213755,-0.5272433158912379
0.0,515,2021-10-22 00:00:00,-0.387710907293672,0.8940276265968486,-0.49867034257759696,-0.5068292254627752,-0.4947992665213755
0.0,516,2021-10-22 12:00:00,-0.41028189806957177,0.8842851382252833,-0.387710907293672,-0.49867034257759696,-0.5068292254627752
0.0,517,2021-10-23 00:00:00,-0.4206418952497091,0.8788760444432151,-0.41028189806957177,-0.387710907293672,-0.49867034257759696
0.0,518,2021-10-23 12:00:00,-0.47012736183343184,0.8501837088876224,-0.4206418952497091,-0.41028189806957177,-0.387710907293672
1.0,0,2021-10-29 00:00:00,-0.4251409267106587,0.8752622550072376,-0.4699817310519375,-0.46646415852839024,-0.4719491096365477
1.0,1,2021-10-29 12:00:00,-0.47254964169476504,0.8480084110801415,-0.4251409267106587,-0.4699817310519375,-0.46646415852839024
1.0,2,2021-10-30 00:00:00,,,-0.47254964169476504,-0.4251409267106587,-0.4699817310519375
1.0,3,2021-10-30 12:00:00,,,,-0.47254964169476504,-0.4251409267106587
1.0,4,2021-10-31 00:00:00,,,,,-0.47254964169476504
1.0,5,2021-10-31 12:00:00,,,,,
1.0,6,2021-11-01 00:00:00,,,,,
1.0,7,2021-11-01 12:00:00,,,,,
1.0,8,2021-11-02 00:00:00,,,,,
1.0,9,2021-11-02 12:00:00,,,,,
1.0,10,2021-11-03 00:00:00,,,,,
1.0,11,2021-11-03 12:00:00,,,,,
1.0,12,2021-11-04 00:00:00,-0.48220021305207844,0.8426665020117609,,,
1.0,13,2021-11-04 12:00:00,-0.4364686000104517,0.8697117794065733,-0.48220021305207844,,
1.0,14,2021-11-05 00:00:00,-0.4739844565547204,0.8524288929197679,-0.4364686000104517,-0.48220021305207844,
1.0,15,2021-11-05 12:00:00,-0.46075815127963815,0.859598969387595,-0.4739844565547204,-0.4364686000104517,-0.48220021305207844
1.0,16,2021-11-06 00:00:00,-0.48837466000182206,0.8413761290505362,-0.46075815127963815,-0.4739844565547204,-0.4364686000104517
1.0,17,2021-11-06 12:00:00,-0.41441682170596694,0.8824707850787706,-0.48837466000182206,-0.46075815127963815,-0.4739844565547204
2.0,0,2021-11-12 12:00:00,-0.47634478230492616,0.8471157295266862,-0.3959517043887783,-0.47039591986911,-0.5450594048289692
2.0,1,2021-11-13 00:00:00,,,-0.47634478230492616,-0.3959517043887783,-0.47039591986911
2.0,2,2021-11-13 12:00:00,,,,-0.47634478230492616,-0.3959517043887783
2.0,3,2021-11-14 00:00:00,,,,,-0.47634478230492616
2.0,4,2021-11-14 12:00:00,,,,,
2.0,5,2021-11-15 00:00:00,,,,,
2.0,6,2021-11-15 12:00:00,,,,,
2.0,7,2021-11-16 00:00:00,,,,,
2.0,8,2021-11-16 12:00:00,,,,,
2.0,9,2021-11-17 00:00:00,,,,,
2.0,10,2021-11-17 12:00:00,,,,,
2.0,11,2021-11-18 00:00:00,-0.6832033501949958,0.6874114262337618,,,
2.0,12,2021-11-18 12:00:00,-0.5966816098995498,0.7730077166067207,-0.6832033501949958,,
2.0,13,2021-11-19 00:00:00,-0.5014623418399149,0.8369057126089399,-0.5966816098995498,-0.6832033501949958,
2.0,14,2021-11-19 12:00:00,-0.5445706926082999,0.8096995430804729,-0.5014623418399149,-0.5966816098995498,-0.6832033501949958
2.0,15,2021-11-20 00:00:00,,,-0.5445706926082999,-0.5014623418399149,-0.5966816098995498
2.0,16,2021-11-20 12:00:00,,,,-0.5445706926082999,-0.5014623418399149
2.0,17,2021-11-21 00:00:00,,,,,-0.5445706926082999
2.0,18,2021-11-21 12:00:00,,,,,
2.0,19,2021-11-22 00:00:00,,,,,
2.0,20,2021-11-22 12:00:00,,,,,
2.0,21,2021-11-23 00:00:00,,,,,
2.0,22,2021-11-23 12:00:00,,,,,
2.0,23,2021-11-24 00:00:00,,,,,
2.0,24,2021-11-24 12:00:00,-0.5088696636728168,0.8309576171808816,,,
2.0,25,2021-11-25 00:00:00,-0.2294054136316934,0.9504650389186455,-0.5088696636728168,,
2.0,26,2021-11-25 12:00:00,-0.3341194928874569,0.9126794931695786,-0.2294054136316934,-0.5088696636728168,
2.0,27,2021-11-26 00:00:00,-0.9924704531828562,0.0038173479173966543,-0.3341194928874569,-0.2294054136316934,-0.5088696636728168
