period,,date,sentiment_score_mean,sentiment_score_std,sentiment_score_mean_n_1,sentiment_score_mean_n_2,sentiment_score_mean_n_3
0.0,0,2021-02-06 12:00:00,-0.6467768440707607,0.7159334542207908,-0.8199069592568579,-0.706000773407914,-0.7821137988325062
0.0,1,2021-02-07 00:00:00,-0.9017621097372995,0.3924990224819041,-0.6467768440707607,-0.8199069592568579,-0.706000773407914
0.0,2,2021-02-07 12:00:00,-0.8861125424982068,0.4311885825074604,-0.9017621097372995,-0.6467768440707607,-0.8199069592568579
0.0,3,2021-02-08 00:00:00,-0.8906404434239126,0.4182445205405221,-0.8861125424982068,-0.9017621097372995,-0.6467768440707607
0.0,4,2021-02-08 12:00:00,-0.5766756083439636,0.7889730744547977,-0.8906404434239126,-0.8861125424982068,-0.9017621097372995
0.0,5,2021-02-09 00:00:00,-0.23534007887741198,0.9278802898251448,-0.5766756083439636,-0.8906404434239126,-0.8861125424982068
0.0,6,2021-02-09 12:00:00,-0.7503642372122488,0.5828055912211352,-0.23534007887741198,-0.5766756083439636,-0.8906404434239126
0.0,7,2021-02-10 00:00:00,-0.8921417279460012,0.4014330549923637,-0.7503642372122488,-0.23534007887741198,-0.5766756083439636
0.0,8,2021-02-10 12:00:00,-0.8374950635931627,0.5137176876736378,-0.8921417279460012,-0.7503642372122488,-0.23534007887741198
0.0,9,2021-02-11 00:00:00,,,-0.8374950635931627,-0.8921417279460012,-0.7503642372122488
0.0,10,2021-02-11 12:00:00,,,,-0.8374950635931627,-0.8921417279460012
0.0,11,2021-02-12 00:00:00,,,,,-0.8374950635931627
0.0,12,2021-02-12 12:00:00,,,,,
0.0,13,2021-02-13 00:00:00,-0.8589846690368185,0.4880739590847924,,,
0.0,14,2021-02-13 12:00:00,-0.8372208420544394,0.48516586251438826,-0.8589846690368185,,
0.0,15,2021-02-14 00:00:00,-0.7019231279854727,0.6516669070685578,-0.8372208420544394,-0.8589846690368185,
0.0,16,2021-02-14 12:00:00,-0.8438222166259193,0.48504050961295603,-0.7019231279854727,-0.8372208420544394,-0.8589846690368185
0.0,17,2021-02-15 00:00:00,-0.6530870966100993,0.6966039778310587,-0.8438222166259193,-0.7019231279854727,-0.8372208420544394
0.0,18,2021-02-15 12:00:00,-0.8106256548653092,0.5541683733600752,-0.6530870966100993,-0.8438222166259193,-0.7019231279854727
0.0,19,2021-02-16 00:00:00,,,-0.8106256548653092,-0.6530870966100993,-0.8438222166259193
0.0,20,2021-02-16 12:00:00,,,,-0.8106256548653092,-0.6530870966100993
0.0,21,2021-02-17 00:00:00,,,,,-0.8106256548653092
0.0,22,2021-02-17 12:00:00,,,,,
0.0,23,2021-02-18 00:00:00,-0.5746230359723129,0.7907520344599844,,,
0.0,24,2021-02-18 12:00:00,-0.880699526948701,0.42545449614605285,-0.5746230359723129,,
0.0,25,2021-02-19 00:00:00,-0.7581537391023215,0.6257700428587971,-0.880699526948701,-0.5746230359723129,
0.0,26,2021-02-19 12:00:00,-0.7148038719817682,0.6545537912191494,-0.7581537391023215,-0.880699526948701,-0.5746230359723129
0.0,27,2021-02-20 00:00:00,,,-0.7148038719817682,-0.7581537391023215,-0.880699526948701
0.0,28,2021-02-20 12:00:00,,,,-0.7148038719817682,-0.7581537391023215
0.0,29,2021-02-21 00:00:00,,,,,-0.7148038719817682
0.0,30,2021-02-21 12:00:00,,,,,
0.0,31,2021-02-22 00:00:00,-0.47921081785316727,0.8429710470528383,,,
0.0,32,2021-02-22 12:00:00,-0.7019017603748255,0.681673892453253,-0.47921081785316727,,
0.0,33,2021-02-23 00:00:00,,,-0.7019017603748255,-0.47921081785316727,
0.0,34,2021-02-23 12:00:00,,,,-0.7019017603748255,-0.47921081785316727
0.0,35,2021-02-24 00:00:00,,,,,-0.7019017603748255
0.0,36,2021-02-24 12:00:00,,,,,
0.0,37,2021-02-25 00:00:00,,,,,
0.0,38,2021-02-25 12:00:00,,,,,
0.0,39,2021-02-26 00:00:00,,,,,
0.0,40,2021-02-26 12:00:00,,,,,
0.0,41,2021-02-27 00:00:00,,,,,
0.0,42,2021-02-27 12:00:00,,,,,
0.0,43,2021-02-28 00:00:00,,,,,
0.0,44,2021-02-28 12:00:00,-0.8225537020264343,0.5253227708067354,,,
0.0,45,2021-03-01 00:00:00,,,-0.8225537020264343,,
0.0,46,2021-03-01 12:00:00,,,,-0.8225537020264343,
0.0,47,2021-03-02 00:00:00,,,,,-0.8225537020264343
0.0,48,2021-03-02 12:00:00,,,,,
0.0,49,2021-03-03 00:00:00,,,,,
0.0,50,2021-03-03 12:00:00,,,,,
0.0,51,2021-03-04 00:00:00,,,,,
0.0,52,2021-03-04 12:00:00,,,,,
0.0,53,2021-03-05 00:00:00,,,,,
0.0,54,2021-03-05 12:00:00,,,,,
0.0,55,2021-03-06 00:00:00,,,,,
0.0,56,2021-03-06 12:00:00,,,,,
0.0,57,2021-03-07 00:00:00,,,,,
0.0,58,2021-03-07 12:00:00,,,,,
0.0,59,2021-03-08 00:00:00,,,,,
0.0,60,2021-03-08 12:00:00,,,,,
0.0,61,2021-03-09 00:00:00,,,,,
0.0,62,2021-03-09 12:00:00,,,,,
0.0,63,2021-03-10 00:00:00,,,,,
0.0,64,2021-03-10 12:00:00,,,,,
0.0,65,2021-03-11 00:00:00,,,,,
0.0,66,2021-03-11 12:00:00,-0.982684520637864,0.14809688557423575,,,
0.0,67,2021-03-12 00:00:00,-0.799868661381395,0.5720843260342551,-0.982684520637864,,
0.0,68,2021-03-12 12:00:00,-0.819142021542126,0.5429819958338542,-0.799868661381395,-0.982684520637864,
0.0,69,2021-03-13 00:00:00,,,-0.819142021542126,-0.799868661381395,-0.982684520637864
0.0,70,2021-03-13 12:00:00,,,,-0.819142021542126,-0.799868661381395
0.0,71,2021-03-14 00:00:00,,,,,-0.819142021542126
0.0,72,2021-03-14 12:00:00,,,,,
0.0,73,2021-03-15 00:00:00,,,,,
0.0,74,2021-03-15 12:00:00,,,,,
0.0,75,2021-03-16 00:00:00,,,,,
0.0,76,2021-03-16 12:00:00,,,,,
0.0,77,2021-03-17 00:00:00,,,,,
0.0,78,2021-03-17 12:00:00,,,,,
0.0,79,2021-03-18 00:00:00,,,,,
0.0,80,2021-03-18 12:00:00,,,,,
0.0,81,2021-03-19 00:00:00,,,,,
0.0,82,2021-03-19 12:00:00,,,,,
0.0,83,2021-03-20 00:00:00,,,,,
0.0,84,2021-03-20 12:00:00,,,,,
0.0,85,2021-03-21 00:00:00,,,,,
0.0,86,2021-03-21 12:00:00,,,,,
0.0,87,2021-03-22 00:00:00,,,,,
0.0,88,2021-03-22 12:00:00,,,,,
0.0,89,2021-03-23 00:00:00,,,,,
0.0,90,2021-03-23 12:00:00,,,,,
0.0,91,2021-03-24 00:00:00,,,,,
0.0,92,2021-03-24 12:00:00,,,,,
0.0,93,2021-03-25 00:00:00,,,,,
0.0,94,2021-03-25 12:00:00,,,,,
0.0,95,2021-03-26 00:00:00,,,,,
0.0,96,2021-03-26 12:00:00,,,,,
0.0,97,2021-03-27 00:00:00,,,,,
0.0,98,2021-03-27 12:00:00,,,,,
0.0,99,2021-03-28 00:00:00,,,,,
0.0,100,2021-03-28 12:00:00,,,,,
0.0,101,2021-03-29 00:00:00,,,,,
0.0,102,2021-03-29 12:00:00,,,,,
0.0,103,2021-03-30 00:00:00,,,,,
0.0,104,2021-03-30 12:00:00,,,,,
0.0,105,2021-03-31 00:00:00,,,,,
0.0,106,2021-03-31 12:00:00,,,,,
0.0,107,2021-04-01 00:00:00,,,,,
0.0,108,2021-04-01 12:00:00,,,,,
0.0,109,2021-04-02 00:00:00,,,,,
0.0,110,2021-04-02 12:00:00,,,,,
0.0,111,2021-04-03 00:00:00,,,,,
0.0,112,2021-04-03 12:00:00,,,,,
0.0,113,2021-04-04 00:00:00,,,,,
0.0,114,2021-04-04 12:00:00,,,,,
0.0,115,2021-04-05 00:00:00,-0.935468014318912,0.16284041906537466,,,
0.0,116,2021-04-05 12:00:00,-0.7368427568625892,0.5650906595045223,-0.935468014318912,,
0.0,117,2021-04-06 00:00:00,-0.6707874743144348,0.7093771117081571,-0.7368427568625892,-0.935468014318912,
0.0,118,2021-04-06 12:00:00,-0.7687322027884952,0.609660699883242,-0.6707874743144348,-0.7368427568625892,-0.935468014318912
0.0,119,2021-04-07 00:00:00,-0.7834393988296579,0.5763929242613081,-0.7687322027884952,-0.6707874743144348,-0.7368427568625892
0.0,120,2021-04-07 12:00:00,-0.6444535148925444,0.7057512806357554,-0.7834393988296579,-0.7687322027884952,-0.6707874743144348
0.0,121,2021-04-08 00:00:00,-0.7734442019477129,0.6074964425216215,-0.6444535148925444,-0.7834393988296579,-0.7687322027884952
0.0,122,2021-04-08 12:00:00,-0.30565966292043434,0.9161038212036369,-0.7734442019477129,-0.6444535148925444,-0.7834393988296579
0.0,123,2021-04-09 00:00:00,-0.7427242677299449,0.6007513364908806,-0.30565966292043434,-0.7734442019477129,-0.6444535148925444
0.0,124,2021-04-09 12:00:00,-0.8686273413256776,0.4433380929529343,-0.7427242677299449,-0.30565966292043434,-0.7734442019477129
0.0,125,2021-04-10 00:00:00,-0.7827503248469311,0.5361644875795976,-0.8686273413256776,-0.7427242677299449,-0.30565966292043434
0.0,126,2021-04-10 12:00:00,-0.8420588038297623,0.5132494084246766,-0.7827503248469311,-0.8686273413256776,-0.7427242677299449
0.0,127,2021-04-11 00:00:00,-0.7607893391037156,0.6324862681111646,-0.8420588038297623,-0.7827503248469311,-0.8686273413256776
0.0,128,2021-04-11 12:00:00,-0.868252379143263,0.4599347660042739,-0.7607893391037156,-0.8420588038297623,-0.7827503248469311
0.0,129,2021-04-12 00:00:00,-0.833118399849252,0.5140246376259016,-0.868252379143263,-0.7607893391037156,-0.8420588038297623
0.0,130,2021-04-12 12:00:00,-0.6959866189165944,0.6824360900563932,-0.833118399849252,-0.868252379143263,-0.7607893391037156
0.0,131,2021-04-13 00:00:00,,,-0.6959866189165944,-0.833118399849252,-0.868252379143263
0.0,132,2021-04-13 12:00:00,,,,-0.6959866189165944,-0.833118399849252
0.0,133,2021-04-14 00:00:00,,,,,-0.6959866189165944
0.0,134,2021-04-14 12:00:00,,,,,
0.0,135,2021-04-15 00:00:00,,,,,
0.0,136,2021-04-15 12:00:00,,,,,
0.0,137,2021-04-16 00:00:00,,,,,
0.0,138,2021-04-16 12:00:00,,,,,
0.0,139,2021-04-17 00:00:00,,,,,
0.0,140,2021-04-17 12:00:00,-0.5571097400302586,0.7826369181110956,,,
0.0,141,2021-04-18 00:00:00,-0.8706901995753156,0.4610329082990848,-0.5571097400302586,,
0.0,142,2021-04-18 12:00:00,-0.4332051226589587,0.8470923138294225,-0.8706901995753156,-0.5571097400302586,
0.0,143,2021-04-19 00:00:00,-0.8695706386641775,0.47600678371607746,-0.4332051226589587,-0.8706901995753156,-0.5571097400302586
0.0,144,2021-04-19 12:00:00,-0.8842568233056023,0.43276284873498166,-0.8695706386641775,-0.4332051226589587,-0.8706901995753156
0.0,145,2021-04-20 00:00:00,-0.8080688281717643,0.5430754099682122,-0.8842568233056023,-0.8695706386641775,-0.4332051226589587
0.0,146,2021-04-20 12:00:00,0.014154413323078707,0.9889274859397172,-0.8080688281717643,-0.8842568233056023,-0.8695706386641775
0.0,147,2021-04-21 00:00:00,-0.8056412474696676,0.5587981620155573,0.014154413323078707,-0.8080688281717643,-0.8842568233056023
0.0,148,2021-04-21 12:00:00,-0.6627090858860892,0.7081576833880061,-0.8056412474696676,0.014154413323078707,-0.8080688281717643
0.0,149,2021-04-22 00:00:00,-0.6080919987108682,0.7727458137807725,-0.6627090858860892,-0.8056412474696676,0.014154413323078707
0.0,150,2021-04-22 12:00:00,-0.8368807928771491,0.4984659899503379,-0.6080919987108682,-0.6627090858860892,-0.8056412474696676
0.0,151,2021-04-23 00:00:00,-0.9019845622135992,0.40817711284336705,-0.8368807928771491,-0.6080919987108682,-0.6627090858860892
0.0,152,2021-04-23 12:00:00,-0.9084929830314329,0.3905898552280542,-0.9019845622135992,-0.8368807928771491,-0.6080919987108682
0.0,153,2021-04-24 00:00:00,-0.8449169311637013,0.5044470505006583,-0.9084929830314329,-0.9019845622135992,-0.8368807928771491
0.0,154,2021-04-24 12:00:00,-0.7485968622987728,0.6270684197846312,-0.8449169311637013,-0.9084929830314329,-0.9019845622135992
0.0,155,2021-04-25 00:00:00,,,-0.7485968622987728,-0.8449169311637013,-0.9084929830314329
0.0,156,2021-04-25 12:00:00,,,,-0.7485968622987728,-0.8449169311637013
0.0,157,2021-04-26 00:00:00,,,,,-0.7485968622987728
0.0,158,2021-04-26 12:00:00,,,,,
0.0,159,2021-04-27 00:00:00,,,,,
0.0,160,2021-04-27 12:00:00,,,,,
0.0,161,2021-04-28 00:00:00,,,,,
0.0,162,2021-04-28 12:00:00,,,,,
0.0,163,2021-04-29 00:00:00,,,,,
0.0,164,2021-04-29 12:00:00,,,,,
0.0,165,2021-04-30 00:00:00,,,,,
0.0,166,2021-04-30 12:00:00,,,,,
0.0,167,2021-05-01 00:00:00,,,,,
0.0,168,2021-05-01 12:00:00,,,,,
0.0,169,2021-05-02 00:00:00,,,,,
0.0,170,2021-05-02 12:00:00,,,,,
0.0,171,2021-05-03 00:00:00,,,,,
0.0,172,2021-05-03 12:00:00,,,,,
0.0,173,2021-05-04 00:00:00,,,,,
0.0,174,2021-05-04 12:00:00,,,,,
0.0,175,2021-05-05 00:00:00,,,,,
0.0,176,2021-05-05 12:00:00,,,,,
0.0,177,2021-05-06 00:00:00,,,,,
0.0,178,2021-05-06 12:00:00,,,,,
0.0,179,2021-05-07 00:00:00,,,,,
0.0,180,2021-05-07 12:00:00,,,,,
0.0,181,2021-05-08 00:00:00,,,,,
0.0,182,2021-05-08 12:00:00,,,,,
0.0,183,2021-05-09 00:00:00,,,,,
0.0,184,2021-05-09 12:00:00,,,,,
0.0,185,2021-05-10 00:00:00,,,,,
0.0,186,2021-05-10 12:00:00,,,,,
0.0,187,2021-05-11 00:00:00,,,,,
0.0,188,2021-05-11 12:00:00,,,,,
0.0,189,2021-05-12 00:00:00,,,,,
0.0,190,2021-05-12 12:00:00,,,,,
0.0,191,2021-05-13 00:00:00,,,,,
0.0,192,2021-05-13 12:00:00,,,,,
0.0,193,2021-05-14 00:00:00,,,,,
0.0,194,2021-05-14 12:00:00,,,,,
0.0,195,2021-05-15 00:00:00,,,,,
0.0,196,2021-05-15 12:00:00,,,,,
0.0,197,2021-05-16 00:00:00,,,,,
0.0,198,2021-05-16 12:00:00,,,,,
0.0,199,2021-05-17 00:00:00,,,,,
0.0,200,2021-05-17 12:00:00,,,,,
0.0,201,2021-05-18 00:00:00,,,,,
0.0,202,2021-05-18 12:00:00,,,,,
0.0,203,2021-05-19 00:00:00,,,,,
0.0,204,2021-05-19 12:00:00,,,,,
0.0,205,2021-05-20 00:00:00,,,,,
0.0,206,2021-05-20 12:00:00,,,,,
0.0,207,2021-05-21 00:00:00,,,,,
0.0,208,2021-05-21 12:00:00,,,,,
0.0,209,2021-05-22 00:00:00,,,,,
0.0,210,2021-05-22 12:00:00,,,,,
0.0,211,2021-05-23 00:00:00,,,,,
0.0,212,2021-05-23 12:00:00,,,,,
0.0,213,2021-05-24 00:00:00,,,,,
0.0,214,2021-05-24 12:00:00,,,,,
0.0,215,2021-05-25 00:00:00,-0.9341941309619667,0.3053345803304669,,,
0.0,216,2021-05-25 12:00:00,-0.6994724585550559,0.6740825890822697,-0.9341941309619667,,
0.0,217,2021-05-26 00:00:00,-0.8559105446271643,0.48097035217608547,-0.6994724585550559,-0.9341941309619667,
0.0,218,2021-05-26 12:00:00,-0.7189085825652695,0.672765788621145,-0.8559105446271643,-0.6994724585550559,-0.9341941309619667
0.0,219,2021-05-27 00:00:00,-0.865869731457966,0.4571657241063328,-0.7189085825652695,-0.8559105446271643,-0.6994724585550559
0.0,220,2021-05-27 12:00:00,-0.829458829337601,0.5350367308527534,-0.865869731457966,-0.7189085825652695,-0.8559105446271643
0.0,221,2021-05-28 00:00:00,-0.8592462450625342,0.46990758467600136,-0.829458829337601,-0.865869731457966,-0.7189085825652695
0.0,222,2021-05-28 12:00:00,-0.775704742646632,0.5841451424672055,-0.8592462450625342,-0.829458829337601,-0.865869731457966
0.0,223,2021-05-29 00:00:00,-0.8804543272666208,0.3825811513820114,-0.775704742646632,-0.8592462450625342,-0.829458829337601
0.0,224,2021-05-29 12:00:00,-0.9204907279692038,0.36262699507640017,-0.8804543272666208,-0.775704742646632,-0.8592462450625342
0.0,225,2021-05-30 00:00:00,,,-0.9204907279692038,-0.8804543272666208,-0.775704742646632
0.0,226,2021-05-30 12:00:00,,,,-0.9204907279692038,-0.8804543272666208
0.0,227,2021-05-31 00:00:00,,,,,-0.9204907279692038
0.0,228,2021-05-31 12:00:00,,,,,
0.0,229,2021-06-01 00:00:00,,,,,
0.0,230,2021-06-01 12:00:00,,,,,
0.0,231,2021-06-02 00:00:00,,,,,
0.0,232,2021-06-02 12:00:00,,,,,
0.0,233,2021-06-03 00:00:00,,,,,
0.0,234,2021-06-03 12:00:00,,,,,
0.0,235,2021-06-04 00:00:00,,,,,
0.0,236,2021-06-04 12:00:00,,,,,
0.0,237,2021-06-05 00:00:00,,,,,
0.0,238,2021-06-05 12:00:00,,,,,
0.0,239,2021-06-06 00:00:00,,,,,
0.0,240,2021-06-06 12:00:00,,,,,
0.0,241,2021-06-07 00:00:00,,,,,
0.0,242,2021-06-07 12:00:00,,,,,
0.0,243,2021-06-08 00:00:00,,,,,
0.0,244,2021-06-08 12:00:00,,,,,
0.0,245,2021-06-09 00:00:00,,,,,
0.0,246,2021-06-09 12:00:00,,,,,
0.0,247,2021-06-10 00:00:00,,,,,
0.0,248,2021-06-10 12:00:00,,,,,
0.0,249,2021-06-11 00:00:00,,,,,
0.0,250,2021-06-11 12:00:00,,,,,
0.0,251,2021-06-12 00:00:00,,,,,
0.0,252,2021-06-12 12:00:00,,,,,
0.0,253,2021-06-13 00:00:00,,,,,
0.0,254,2021-06-13 12:00:00,,,,,
0.0,255,2021-06-14 00:00:00,,,,,
0.0,256,2021-06-14 12:00:00,,,,,
0.0,257,2021-06-15 00:00:00,,,,,
0.0,258,2021-06-15 12:00:00,,,,,
0.0,259,2021-06-16 00:00:00,,,,,
0.0,260,2021-06-16 12:00:00,,,,,
0.0,261,2021-06-17 00:00:00,,,,,
0.0,262,2021-06-17 12:00:00,,,,,
0.0,263,2021-06-18 00:00:00,,,,,
0.0,264,2021-06-18 12:00:00,,,,,
0.0,265,2021-06-19 00:00:00,,,,,
0.0,266,2021-06-19 12:00:00,,,,,
0.0,267,2021-06-20 00:00:00,,,,,
0.0,268,2021-06-20 12:00:00,-0.6545407456398631,0.7175931692896921,,,
0.0,269,2021-06-21 00:00:00,-0.7620845227826354,0.5835874369776705,-0.6545407456398631,,
0.0,270,2021-06-21 12:00:00,-0.7424719724147822,0.6263433643413098,-0.7620845227826354,-0.6545407456398631,
0.0,271,2021-06-22 00:00:00,-0.7898396297044648,0.5642233737752986,-0.7424719724147822,-0.7620845227826354,-0.6545407456398631
0.0,272,2021-06-22 12:00:00,-0.7451137223678514,0.6336313389570735,-0.7898396297044648,-0.7424719724147822,-0.7620845227826354
0.0,273,2021-06-23 00:00:00,-0.6653630248216547,0.7052996981819374,-0.7451137223678514,-0.7898396297044648,-0.7424719724147822
0.0,274,2021-06-23 12:00:00,-0.6297138507689903,0.7342679125294624,-0.6653630248216547,-0.7451137223678514,-0.7898396297044648
0.0,275,2021-06-24 00:00:00,,,-0.6297138507689903,-0.6653630248216547,-0.7451137223678514
0.0,276,2021-06-24 12:00:00,,,,-0.6297138507689903,-0.6653630248216547
0.0,277,2021-06-25 00:00:00,,,,,-0.6297138507689903
0.0,278,2021-06-25 12:00:00,,,,,
0.0,279,2021-06-26 00:00:00,,,,,
0.0,280,2021-06-26 12:00:00,,,,,
0.0,281,2021-06-27 00:00:00,,,,,
0.0,282,2021-06-27 12:00:00,,,,,
0.0,283,2021-06-28 00:00:00,,,,,
0.0,284,2021-06-28 12:00:00,,,,,
0.0,285,2021-06-29 00:00:00,,,,,
0.0,286,2021-06-29 12:00:00,,,,,
0.0,287,2021-06-30 00:00:00,,,,,
0.0,288,2021-06-30 12:00:00,,,,,
0.0,289,2021-07-01 00:00:00,,,,,
0.0,290,2021-07-01 12:00:00,,,,,
0.0,291,2021-07-02 00:00:00,-0.6250188205649634,0.7288002967293404,,,
0.0,292,2021-07-02 12:00:00,-0.7114750697028511,0.6638662973335938,-0.6250188205649634,,
0.0,293,2021-07-03 00:00:00,-0.5416774462955758,0.7892270527528531,-0.7114750697028511,-0.6250188205649634,
0.0,294,2021-07-03 12:00:00,-0.5921056780659484,0.7755664972034481,-0.5416774462955758,-0.7114750697028511,-0.6250188205649634
0.0,295,2021-07-04 00:00:00,-0.7222504976966782,0.6449777449713886,-0.5921056780659484,-0.5416774462955758,-0.7114750697028511
0.0,296,2021-07-04 12:00:00,-0.7238230722169949,0.6538097008184078,-0.7222504976966782,-0.5921056780659484,-0.5416774462955758
0.0,297,2021-07-05 00:00:00,-0.8452738193528038,0.500868415320828,-0.7238230722169949,-0.7222504976966782,-0.5921056780659484
0.0,298,2021-07-05 12:00:00,-0.7219424551542866,0.6515248940442075,-0.8452738193528038,-0.7238230722169949,-0.7222504976966782
0.0,299,2021-07-06 00:00:00,,,-0.7219424551542866,-0.8452738193528038,-0.7238230722169949
0.0,300,2021-07-06 12:00:00,,,,-0.7219424551542866,-0.8452738193528038
0.0,301,2021-07-07 00:00:00,,,,,-0.7219424551542866
0.0,302,2021-07-07 12:00:00,,,,,
0.0,303,2021-07-08 00:00:00,,,,,
0.0,304,2021-07-08 12:00:00,,,,,
0.0,305,2021-07-09 00:00:00,,,,,
0.0,306,2021-07-09 12:00:00,,,,,
0.0,307,2021-07-10 00:00:00,,,,,
0.0,308,2021-07-10 12:00:00,,,,,
0.0,309,2021-07-11 00:00:00,,,,,
0.0,310,2021-07-11 12:00:00,,,,,
0.0,311,2021-07-12 00:00:00,,,,,
0.0,312,2021-07-12 12:00:00,,,,,
0.0,313,2021-07-13 00:00:00,,,,,
0.0,314,2021-07-13 12:00:00,,,,,
0.0,315,2021-07-14 00:00:00,,,,,
0.0,316,2021-07-14 12:00:00,,,,,
0.0,317,2021-07-15 00:00:00,,,,,
0.0,318,2021-07-15 12:00:00,,,,,
0.0,319,2021-07-16 00:00:00,-0.5019404617534193,0.8157522243856496,,,
0.0,320,2021-07-16 12:00:00,-0.9145974728165697,0.3668853744988555,-0.5019404617534193,,
0.0,321,2021-07-17 00:00:00,-0.5904861572496322,0.7612566351052179,-0.9145974728165697,-0.5019404617534193,
0.0,322,2021-07-17 12:00:00,-0.573214991428762,0.78702137386558,-0.5904861572496322,-0.9145974728165697,-0.5019404617534193
0.0,323,2021-07-18 00:00:00,-0.626034060852353,0.7332742272225649,-0.573214991428762,-0.5904861572496322,-0.9145974728165697
0.0,324,2021-07-18 12:00:00,-0.7537865285823626,0.6346016497233169,-0.626034060852353,-0.573214991428762,-0.5904861572496322
0.0,325,2021-07-19 00:00:00,-0.821953876833069,0.5388858564011689,-0.7537865285823626,-0.626034060852353,-0.573214991428762
0.0,326,2021-07-19 12:00:00,-0.7037717358990078,0.6725349580369819,-0.821953876833069,-0.7537865285823626,-0.626034060852353
0.0,327,2021-07-20 00:00:00,-0.7115566875470581,0.6690904920412699,-0.7037717358990078,-0.821953876833069,-0.7537865285823626
0.0,328,2021-07-20 12:00:00,-0.638128144834891,0.7319675798018646,-0.7115566875470581,-0.7037717358990078,-0.821953876833069
0.0,329,2021-07-21 00:00:00,-0.6757787761654461,0.6753863191163574,-0.638128144834891,-0.7115566875470581,-0.7037717358990078
0.0,330,2021-07-21 12:00:00,-0.4324427448601776,0.8505687712347498,-0.6757787761654461,-0.638128144834891,-0.7115566875470581
0.0,331,2021-07-22 00:00:00,-0.6887085436449947,0.6859516995556543,-0.4324427448601776,-0.6757787761654461,-0.638128144834891
0.0,332,2021-07-22 12:00:00,-0.6756449427501434,0.7005419431862709,-0.6887085436449947,-0.4324427448601776,-0.6757787761654461
0.0,333,2021-07-23 00:00:00,-0.49628582950178585,0.8059916296962766,-0.6756449427501434,-0.6887085436449947,-0.4324427448601776
0.0,334,2021-07-23 12:00:00,-0.11192925105626106,0.942180501102297,-0.49628582950178585,-0.6756449427501434,-0.6887085436449947
0.0,335,2021-07-24 00:00:00,-0.6802234222069866,0.6902469677925777,-0.11192925105626106,-0.49628582950178585,-0.6756449427501434
0.0,336,2021-07-24 12:00:00,-0.6404701212231115,0.7376198457926291,-0.6802234222069866,-0.11192925105626106,-0.49628582950178585
0.0,337,2021-07-25 00:00:00,-0.7461106364795492,0.6405500149152599,-0.6404701212231115,-0.6802234222069866,-0.11192925105626106
0.0,338,2021-07-25 12:00:00,-0.6832155152427019,0.6861169745051549,-0.7461106364795492,-0.6404701212231115,-0.6802234222069866
0.0,339,2021-07-26 00:00:00,-0.7507102611814441,0.6282577009203111,-0.6832155152427019,-0.7461106364795492,-0.6404701212231115
0.0,340,2021-07-26 12:00:00,-0.7985043792270062,0.558528288545523,-0.7507102611814441,-0.6832155152427019,-0.7461106364795492
0.0,341,2021-07-27 00:00:00,-0.8215555503425501,0.5308556005165895,-0.7985043792270062,-0.7507102611814441,-0.6832155152427019
0.0,342,2021-07-27 12:00:00,-0.7552947711673187,0.6103836463425398,-0.8215555503425501,-0.7985043792270062,-0.7507102611814441
0.0,343,2021-07-28 00:00:00,-0.8439673756269414,0.5027234086710826,-0.7552947711673187,-0.8215555503425501,-0.7985043792270062
0.0,344,2021-07-28 12:00:00,-0.9275960931656188,0.3330938069650407,-0.8439673756269414,-0.7552947711673187,-0.8215555503425501
0.0,345,2021-07-29 00:00:00,-0.8560832896915725,0.4709351929216864,-0.9275960931656188,-0.8439673756269414,-0.7552947711673187
0.0,346,2021-07-29 12:00:00,-0.8601334016126878,0.4647037231856739,-0.8560832896915725,-0.9275960931656188,-0.8439673756269414
0.0,347,2021-07-30 00:00:00,-0.7019114624522924,0.654256474690344,-0.8601334016126878,-0.8560832896915725,-0.9275960931656188
0.0,348,2021-07-30 12:00:00,-0.70654277100679,0.6654974029476541,-0.7019114624522924,-0.8601334016126878,-0.8560832896915725
0.0,349,2021-07-31 00:00:00,,,-0.70654277100679,-0.7019114624522924,-0.8601334016126878
0.0,350,2021-07-31 12:00:00,,,,-0.70654277100679,-0.7019114624522924
0.0,351,2021-08-01 00:00:00,,,,,-0.70654277100679
0.0,352,2021-08-01 12:00:00,,,,,
0.0,353,2021-08-02 00:00:00,,,,,
0.0,354,2021-08-02 12:00:00,,,,,
0.0,355,2021-08-03 00:00:00,,,,,
0.0,356,2021-08-03 12:00:00,,,,,
0.0,357,2021-08-04 00:00:00,,,,,
0.0,358,2021-08-04 12:00:00,-0.8788542368978558,0.440518238082826,,,
0.0,359,2021-08-05 00:00:00,-0.6072339241973586,0.7507108663910198,-0.8788542368978558,,
0.0,360,2021-08-05 12:00:00,-0.7443395085702741,0.6187812654946121,-0.6072339241973586,-0.8788542368978558,
0.0,361,2021-08-06 00:00:00,-0.4712134149325404,0.8433404720132905,-0.7443395085702741,-0.6072339241973586,-0.8788542368978558
0.0,362,2021-08-06 12:00:00,-0.7351367057924754,0.6525434523651452,-0.4712134149325404,-0.7443395085702741,-0.6072339241973586
0.0,363,2021-08-07 00:00:00,-0.7345461434090546,0.6360666923011185,-0.7351367057924754,-0.4712134149325404,-0.7443395085702741
0.0,364,2021-08-07 12:00:00,-0.6762608384761818,0.7113416431705817,-0.7345461434090546,-0.7351367057924754,-0.4712134149325404
0.0,365,2021-08-08 00:00:00,-0.5701701639100168,0.7761121597290104,-0.6762608384761818,-0.7345461434090546,-0.7351367057924754
0.0,366,2021-08-08 12:00:00,-0.5840653440118215,0.784003925509538,-0.5701701639100168,-0.6762608384761818,-0.7345461434090546
0.0,367,2021-08-09 00:00:00,-0.7240682971685717,0.6495497926653256,-0.5840653440118215,-0.5701701639100168,-0.6762608384761818
0.0,368,2021-08-09 12:00:00,-0.6459355348794027,0.7120885071102081,-0.7240682971685717,-0.5840653440118215,-0.5701701639100168
0.0,369,2021-08-10 00:00:00,,,-0.6459355348794027,-0.7240682971685717,-0.5840653440118215
0.0,370,2021-08-10 12:00:00,,,,-0.6459355348794027,-0.7240682971685717
0.0,371,2021-08-11 00:00:00,,,,,-0.6459355348794027
0.0,372,2021-08-11 12:00:00,,,,,
0.0,373,2021-08-12 00:00:00,,,,,
0.0,374,2021-08-12 12:00:00,,,,,
0.0,375,2021-08-13 00:00:00,,,,,
0.0,376,2021-08-13 12:00:00,,,,,
0.0,377,2021-08-14 00:00:00,,,,,
0.0,378,2021-08-14 12:00:00,-0.4671838983470311,0.8471396781230022,,,
0.0,379,2021-08-15 00:00:00,-0.630695337822746,0.7361939292653279,-0.4671838983470311,,
0.0,380,2021-08-15 12:00:00,-0.6639325149856264,0.6829308227089835,-0.630695337822746,-0.4671838983470311,
0.0,381,2021-08-16 00:00:00,-0.6357075277083138,0.734589038836017,-0.6639325149856264,-0.630695337822746,-0.4671838983470311
0.0,382,2021-08-16 12:00:00,-0.5343936653520124,0.8068106861377142,-0.6357075277083138,-0.6639325149856264,-0.630695337822746
0.0,383,2021-08-17 00:00:00,-0.6551999535778881,0.7274449944297691,-0.5343936653520124,-0.6357075277083138,-0.6639325149856264
0.0,384,2021-08-17 12:00:00,-0.6481237563480329,0.7204867715364267,-0.6551999535778881,-0.5343936653520124,-0.6357075277083138
0.0,385,2021-08-18 00:00:00,-0.5617316873562608,0.7955759322688528,-0.6481237563480329,-0.6551999535778881,-0.5343936653520124
0.0,386,2021-08-18 12:00:00,-0.7132132145844329,0.6622488278252956,-0.5617316873562608,-0.6481237563480329,-0.6551999535778881
0.0,387,2021-08-19 00:00:00,-0.7537269605015728,0.6240647800174656,-0.7132132145844329,-0.5617316873562608,-0.6481237563480329
0.0,388,2021-08-19 12:00:00,-0.6305312779313214,0.7253477552535109,-0.7537269605015728,-0.7132132145844329,-0.5617316873562608
0.0,389,2021-08-20 00:00:00,-0.5381555533268675,0.7718327502845623,-0.6305312779313214,-0.7537269605015728,-0.7132132145844329
0.0,390,2021-08-20 12:00:00,-0.5415410244103063,0.8107951057495716,-0.5381555533268675,-0.6305312779313214,-0.7537269605015728
0.0,391,2021-08-21 00:00:00,-0.7795310917807455,0.5749268068708612,-0.5415410244103063,-0.5381555533268675,-0.6305312779313214
0.0,392,2021-08-21 12:00:00,-0.8456844439328922,0.48013914919130934,-0.7795310917807455,-0.5415410244103063,-0.5381555533268675
0.0,393,2021-08-22 00:00:00,,,-0.8456844439328922,-0.7795310917807455,-0.5415410244103063
0.0,394,2021-08-22 12:00:00,,,,-0.8456844439328922,-0.7795310917807455
0.0,395,2021-08-23 00:00:00,,,,,-0.8456844439328922
0.0,396,2021-08-23 12:00:00,-0.5947885700884138,0.7601487323300613,,,
0.0,397,2021-08-24 00:00:00,-0.6117740979105882,0.74714966606883,-0.5947885700884138,,
0.0,398,2021-08-24 12:00:00,-0.6784766235618915,0.6693938574724454,-0.6117740979105882,-0.5947885700884138,
0.0,399,2021-08-25 00:00:00,-0.4992316713868143,0.8243551557387142,-0.6784766235618915,-0.6117740979105882,-0.5947885700884138
0.0,400,2021-08-25 12:00:00,-0.5694973610768618,0.6717454077414613,-0.4992316713868143,-0.6784766235618915,-0.6117740979105882
0.0,401,2021-08-26 00:00:00,-0.7891393455502399,0.5042175766104655,-0.5694973610768618,-0.4992316713868143,-0.6784766235618915
0.0,402,2021-08-26 12:00:00,-0.6172178361104476,0.5693647394734076,-0.7891393455502399,-0.5694973610768618,-0.4992316713868143
0.0,403,2021-08-27 00:00:00,,,-0.6172178361104476,-0.7891393455502399,-0.5694973610768618
0.0,404,2021-08-27 12:00:00,,,,-0.6172178361104476,-0.7891393455502399
0.0,405,2021-08-28 00:00:00,,,,,-0.6172178361104476
0.0,406,2021-08-28 12:00:00,,,,,
0.0,407,2021-08-29 00:00:00,,,,,
0.0,408,2021-08-29 12:00:00,,,,,
0.0,409,2021-08-30 00:00:00,,,,,
0.0,410,2021-08-30 12:00:00,,,,,
0.0,411,2021-08-31 00:00:00,,,,,
0.0,412,2021-08-31 12:00:00,,,,,
0.0,413,2021-09-01 00:00:00,,,,,
0.0,414,2021-09-01 12:00:00,,,,,
0.0,415,2021-09-02 00:00:00,,,,,
0.0,416,2021-09-02 12:00:00,,,,,
0.0,417,2021-09-03 00:00:00,,,,,
0.0,418,2021-09-03 12:00:00,,,,,
0.0,419,2021-09-04 00:00:00,,,,,
0.0,420,2021-09-04 12:00:00,,,,,
0.0,421,2021-09-05 00:00:00,,,,,
0.0,422,2021-09-05 12:00:00,,,,,
0.0,423,2021-09-06 00:00:00,,,,,
0.0,424,2021-09-06 12:00:00,,,,,
0.0,425,2021-09-07 00:00:00,,,,,
0.0,426,2021-09-07 12:00:00,,,,,
0.0,427,2021-09-08 00:00:00,,,,,
0.0,428,2021-09-08 12:00:00,,,,,
0.0,429,2021-09-09 00:00:00,,,,,
0.0,430,2021-09-09 12:00:00,,,,,
0.0,431,2021-09-10 00:00:00,-0.5987663092181866,0.7326146537968556,,,
0.0,432,2021-09-10 12:00:00,-0.5719028681103269,0.7827718625582466,-0.5987663092181866,,
0.0,433,2021-09-11 00:00:00,,,-0.5719028681103269,-0.5987663092181866,
0.0,434,2021-09-11 12:00:00,,,,-0.5719028681103269,-0.5987663092181866
0.0,435,2021-09-12 00:00:00,,,,,-0.5719028681103269
0.0,436,2021-09-12 12:00:00,,,,,
0.0,437,2021-09-13 00:00:00,,,,,
0.0,438,2021-09-13 12:00:00,,,,,
0.0,439,2021-09-14 00:00:00,,,,,
0.0,440,2021-09-14 12:00:00,,,,,
0.0,441,2021-09-15 00:00:00,,,,,
0.0,442,2021-09-15 12:00:00,,,,,
0.0,443,2021-09-16 00:00:00,,,,,
0.0,444,2021-09-16 12:00:00,,,,,
0.0,445,2021-09-17 00:00:00,,,,,
0.0,446,2021-09-17 12:00:00,,,,,
0.0,447,2021-09-18 00:00:00,,,,,
0.0,448,2021-09-18 12:00:00,,,,,
0.0,449,2021-09-19 00:00:00,,,,,
0.0,450,2021-09-19 12:00:00,,,,,
0.0,451,2021-09-20 00:00:00,,,,,
0.0,452,2021-09-20 12:00:00,,,,,
0.0,453,2021-09-21 00:00:00,,,,,
0.0,454,2021-09-21 12:00:00,,,,,
0.0,455,2021-09-22 00:00:00,,,,,
0.0,456,2021-09-22 12:00:00,,,,,
0.0,457,2021-09-23 00:00:00,,,,,
0.0,458,2021-09-23 12:00:00,,,,,
0.0,459,2021-09-24 00:00:00,,,,,
0.0,460,2021-09-24 12:00:00,,,,,
0.0,461,2021-09-25 00:00:00,,,,,
0.0,462,2021-09-25 12:00:00,,,,,
0.0,463,2021-09-26 00:00:00,,,,,
0.0,464,2021-09-26 12:00:00,,,,,
0.0,465,2021-09-27 00:00:00,,,,,
0.0,466,2021-09-27 12:00:00,,,,,
0.0,467,2021-09-28 00:00:00,,,,,
0.0,468,2021-09-28 12:00:00,,,,,
0.0,469,2021-09-29 00:00:00,,,,,
0.0,470,2021-09-29 12:00:00,,,,,
0.0,471,2021-09-30 00:00:00,,,,,
0.0,472,2021-09-30 12:00:00,,,,,
0.0,473,2021-10-01 00:00:00,,,,,
0.0,474,2021-10-01 12:00:00,,,,,
0.0,475,2021-10-02 00:00:00,,,,,
0.0,476,2021-10-02 12:00:00,,,,,
0.0,477,2021-10-03 00:00:00,,,,,
0.0,478,2021-10-03 12:00:00,,,,,
0.0,479,2021-10-04 00:00:00,,,,,
0.0,480,2021-10-04 12:00:00,,,,,
0.0,481,2021-10-05 00:00:00,,,,,
0.0,482,2021-10-05 12:00:00,,,,,
0.0,483,2021-10-06 00:00:00,,,,,
0.0,484,2021-10-06 12:00:00,,,,,
0.0,485,2021-10-07 00:00:00,,,,,
0.0,486,2021-10-07 12:00:00,,,,,
0.0,487,2021-10-08 00:00:00,,,,,
0.0,488,2021-10-08 12:00:00,,,,,
0.0,489,2021-10-09 00:00:00,,,,,
0.0,490,2021-10-09 12:00:00,,,,,
0.0,491,2021-10-10 00:00:00,,,,,
0.0,492,2021-10-10 12:00:00,,,,,
0.0,493,2021-10-11 00:00:00,,,,,
0.0,494,2021-10-11 12:00:00,,,,,
0.0,495,2021-10-12 00:00:00,,,,,
0.0,496,2021-10-12 12:00:00,,,,,
0.0,497,2021-10-13 00:00:00,,,,,
0.0,498,2021-10-13 12:00:00,,,,,
0.0,499,2021-10-14 00:00:00,,,,,
0.0,500,2021-10-14 12:00:00,,,,,
0.0,501,2021-10-15 00:00:00,,,,,
0.0,502,2021-10-15 12:00:00,,,,,
0.0,503,2021-10-16 00:00:00,,,,,
0.0,504,2021-10-16 12:00:00,,,,,
0.0,505,2021-10-17 00:00:00,,,,,
0.0,506,2021-10-17 12:00:00,,,,,
0.0,507,2021-10-18 00:00:00,-0.3968578808434001,0.8645491713817082,,,
0.0,508,2021-10-18 12:00:00,-0.6391362744320898,0.7187916139541367,-0.3968578808434001,,
0.0,509,2021-10-19 00:00:00,-0.6096231976195432,0.7482575155055317,-0.6391362744320898,-0.3968578808434001,
0.0,510,2021-10-19 12:00:00,-0.6010205870043718,0.7554113240375373,-0.6096231976195432,-0.6391362744320898,-0.3968578808434001
0.0,511,2021-10-20 00:00:00,-0.6786624509776361,0.6898857901294527,-0.6010205870043718,-0.6096231976195432,-0.6391362744320898
0.0,512,2021-10-20 12:00:00,-0.518597590198537,0.8208913388006882,-0.6786624509776361,-0.6010205870043718,-0.6096231976195432
0.0,513,2021-10-21 00:00:00,-0.6910332561580051,0.6938511413841657,-0.518597590198537,-0.6786624509776361,-0.6010205870043718
0.0,514,2021-10-21 12:00:00,-0.5922746502628563,0.7738171736730769,-0.6910332561580051,-0.518597590198537,-0.6786624509776361
0.0,515,2021-10-22 00:00:00,-0.6899090604451126,0.6841185832171311,-0.5922746502628563,-0.6910332561580051,-0.518597590198537
0.0,516,2021-10-22 12:00:00,-0.6835574060093101,0.6936131077731771,-0.6899090604451126,-0.5922746502628563,-0.6910332561580051
0.0,517,2021-10-23 00:00:00,-0.6400881016103042,0.718182408225578,-0.6835574060093101,-0.6899090604451126,-0.5922746502628563
0.0,518,2021-10-23 12:00:00,-0.658413132765359,0.7150766684838286,-0.6400881016103042,-0.6835574060093101,-0.6899090604451126
1.0,0,2021-10-29 00:00:00,-0.39517155626732703,0.88529522917767,-0.6686442749072949,-0.6096828701938276,-0.5334975382607959
1.0,1,2021-10-29 12:00:00,-0.5083819263774629,0.8238221999609538,-0.39517155626732703,-0.6686442749072949,-0.6096828701938276
1.0,2,2021-10-30 00:00:00,,,-0.5083819263774629,-0.39517155626732703,-0.6686442749072949
1.0,3,2021-10-30 12:00:00,,,,-0.5083819263774629,-0.39517155626732703
1.0,4,2021-10-31 00:00:00,,,,,-0.5083819263774629
1.0,5,2021-10-31 12:00:00,,,,,
1.0,6,2021-11-01 00:00:00,,,,,
1.0,7,2021-11-01 12:00:00,,,,,
1.0,8,2021-11-02 00:00:00,,,,,
1.0,9,2021-11-02 12:00:00,,,,,
1.0,10,2021-11-03 00:00:00,,,,,
1.0,11,2021-11-03 12:00:00,,,,,
1.0,12,2021-11-04 00:00:00,-0.6497725325388427,0.7221335895710289,,,
1.0,13,2021-11-04 12:00:00,-0.5278168468992632,0.8001891738517256,-0.6497725325388427,,
1.0,14,2021-11-05 00:00:00,-0.7279921248024354,0.6507659339133335,-0.5278168468992632,-0.6497725325388427,
1.0,15,2021-11-05 12:00:00,-0.6497659417391722,0.7091551824661358,-0.7279921248024354,-0.5278168468992632,-0.6497725325388427
1.0,16,2021-11-06 00:00:00,-0.6212548102713599,0.7477942426999241,-0.6497659417391722,-0.7279921248024354,-0.5278168468992632
1.0,17,2021-11-06 12:00:00,-0.5846528826169743,0.783154610932219,-0.6212548102713599,-0.6497659417391722,-0.7279921248024354
2.0,0,2021-11-12 12:00:00,-0.7095740037966742,0.6535355060905135,-0.5729163280116225,-0.6621158672328519,-0.3132186446175615
2.0,1,2021-11-13 00:00:00,,,-0.7095740037966742,-0.5729163280116225,-0.6621158672328519
2.0,2,2021-11-13 12:00:00,,,,-0.7095740037966742,-0.5729163280116225
2.0,3,2021-11-14 00:00:00,,,,,-0.7095740037966742
2.0,4,2021-11-14 12:00:00,,,,,
2.0,5,2021-11-15 00:00:00,,,,,
2.0,6,2021-11-15 12:00:00,,,,,
2.0,7,2021-11-16 00:00:00,,,,,
2.0,8,2021-11-16 12:00:00,,,,,
2.0,9,2021-11-17 00:00:00,,,,,
2.0,10,2021-11-17 12:00:00,,,,,
2.0,11,2021-11-18 00:00:00,-0.755108969058287,0.6244858702139133,,,
2.0,12,2021-11-18 12:00:00,-0.6757121564667993,0.7078696545738496,-0.755108969058287,,
2.0,13,2021-11-19 00:00:00,-0.7869566039133858,0.5738626858395599,-0.6757121564667993,-0.755108969058287,
2.0,14,2021-11-19 12:00:00,-0.6215347549142017,0.7517321593345051,-0.7869566039133858,-0.6757121564667993,-0.755108969058287
2.0,15,2021-11-20 00:00:00,,,-0.6215347549142017,-0.7869566039133858,-0.6757121564667993
2.0,16,2021-11-20 12:00:00,,,,-0.6215347549142017,-0.7869566039133858
2.0,17,2021-11-21 00:00:00,,,,,-0.6215347549142017
2.0,18,2021-11-21 12:00:00,,,,,
2.0,19,2021-11-22 00:00:00,,,,,
2.0,20,2021-11-22 12:00:00,,,,,
2.0,21,2021-11-23 00:00:00,,,,,
2.0,22,2021-11-23 12:00:00,,,,,
2.0,23,2021-11-24 00:00:00,,,,,
2.0,24,2021-11-24 12:00:00,-0.6575722327254924,0.7023705209020586,,,
2.0,25,2021-11-25 00:00:00,-0.673721371464252,0.698950122862292,-0.6575722327254924,,
2.0,26,2021-11-25 12:00:00,-0.4748634095104109,0.843435372653863,-0.673721371464252,-0.6575722327254924,
2.0,27,2021-11-26 00:00:00,-0.994085071256406,0.0033506545662352434,-0.4748634095104109,-0.673721371464252,-0.6575722327254924
